barcodes	layer_guess
AAACAACGAATAGTTC-1	-1
AAACAAGTATCTCCCA-1	L3
AAACAATCTACTAGCA-1	L1
AAACACCAATAACTGC-1	WM
AAACAGCTTTCAGAAG-1	L6
AAACAGGGTCTATATT-1	L6
AAACAGTGTTCCTGGG-1	WM
AAACATTTCCCGGATT-1	L5
AAACCACTACACAGAT-1	L3
AAACCCGAACGAAATC-1	L3
AAACCGGGTAGGTACC-1	L5
AAACCGTTCGTCCAGG-1	L6
AAACCTAAGCAGCCGG-1	L6
AAACCTCATGAAGTTG-1	L5
AAACGAAGAACATACC-1	L1
AAACGACAGTCTTGCC-1	L3
AAACGAGACGGTTGAT-1	L3
AAACGCCCGAGATCGG-1	L2
AAACGGGCGTACGGGT-1	L5
AAACGGGTTGGTATCC-1	L1
AAACGGTTGCGAACTG-1	WM
AAACGTGTTCGCCCTA-1	L1
AAACTAACGTGGCGAC-1	L1
AAACTCGGTTCGCAAT-1	L6
AAACTCGTGATATAAG-1	L1
AAACTGCTGGCTCCAA-1	L4
AAACTTGCAAACGTAT-1	L6
AAAGAATGTGGACTAA-1	L6
AAAGACATGAAGTTTA-1	L2
AAAGACCCAAGTCGCG-1	L2
AAAGACTGGGCGCTTT-1	L5
AAAGGCTACGGACCAT-1	L6
AAAGGCTCTCGCGCCG-1	L6
AAAGGGATGTAGCAAG-1	L3
AAAGGGCAGCTTGAAT-1	L3
AAAGGTAAGCTGTACC-1	L1
AAAGGTCAACGACATG-1	L3
AAAGTAGCATTGCTCA-1	L6
AAAGTCACTGATGTAA-1	L2
AAAGTCGACCCTCAGT-1	L5
AAAGTGTGATTTATCT-1	L3
AAAGTTGACTCCCGTA-1	L3
AAATAACCATACGGGA-1	L1
AAATAAGGTAGTGCCC-1	L1
AAATACCTATAAGCAT-1	L4
AAATAGCTTAGACTTT-1	L3
AAATAGGGTGCTATTG-1	L5
AAATCACTCCTAAACG-1	L3
AAATCCGATACACGCC-1	L6
AAATCGTGTACCACAA-1	L5
AAATCTAGCCCTGCTA-1	L4
AAATGATTCGATCAGC-1	L1
AAATGCTCGTTACGTT-1	L3
AAATGGCATGTCTTGT-1	L1
AAATGGCCCGTGCCCT-1	L6
AAATGGTCAATGTGCC-1	L3
AAATGTATCTTATCCC-1	L5
AAATGTGGGTGCTCCT-1	L1
AAATTAACGGGTAGCT-1	L3
AAATTAATAAGCGCGA-1	L5
AAATTACACGACTCTG-1	L1
AAATTACCTATCGATG-1	L2
AAATTCCAGGTCCAAA-1	L2
AAATTGATAGTCCTTT-1	WM
AAATTGCGGCGGTTCT-1	L2
AAATTGGTGAGAAGCA-1	L1
AAATTTACCGAAATCC-1	L1
AAATTTGCGGGTGTGG-1	L5
AACAACTGGTAGTTGC-1	L3
AACAATACATTGTCGA-1	WM
AACAATTACTCTACGC-1	L4
AACACACGCTCGCCGC-1	L4
AACACGACTGTACTGA-1	L1
AACACGAGACGCGGCC-1	L6
AACACGCGGCCGCGAA-1	L2
AACAGCTGTGTGGCAA-1	WM
AACAGGAAATCGAATA-1	L1
AACAGGATGGGCCGCG-1	L4
AACAGGTAGTATGGAT-1	L3
AACATAGCGTGTATCG-1	L6
AACATATCAACTGGTG-1	L1
AACATCGATACGTCTA-1	L1
AACATTGGTCAGCCGT-1	L2
AACATTGTGACTCGAG-1	WM
AACCAAGACTTCTCTG-1	L5
AACCAGTATCACTCTT-1	L1
AACCATGGGATCGCTA-1	L3
AACCCAGAGACGGAGA-1	L3
AACCCGACAACCCGTG-1	WM
AACCCGAGCAGAATCG-1	L4
AACCCGATAGGGCTTC-1	L3
AACCCTACTGTCAATA-1	L3
AACCCTGGTGGAACCA-1	L1
AACCGAGCTTGGTCAT-1	L3
AACCGCTAAGGGATGC-1	L3
AACCGTTGTGTTTGCT-1	L1
AACCTAAAGCCGTCCG-1	L1
AACCTCGCTTTAGCCC-1	L5
AACCTGTCACGGAATT-1	L2
AACCTTTAAATACGGT-1	L5
AACCTTTACGACGTCT-1	L1
AACGATAATGCCGTAG-1	L5
AACGATAGAAGGGCCG-1	L3
AACGATATGTCAACTG-1	L3
AACGCATGATCTGGGT-1	L1
AACGCGAACGGCAACA-1	L3
AACGCGACCTTGGGCG-1	WM
AACGCGGTCTCCAGCC-1	L3
AACGCTGTTGCTGAAA-1	L4
AACGGACGTACGTATA-1	L4
AACGGCCATCTCCGGT-1	L5
AACGTACTGTGGGTAC-1	L5
AACGTAGTCTACCCAT-1	L1
AACGTCAGACTAGTGG-1	L3
AACGTGATGAAGGACA-1	L1
AACGTGCGAAAGTCTC-1	L3
AACGTTATCAGCACCT-1	L4
AACTACCCGTTTGTCA-1	L3
AACTAGCGTATCGCAC-1	L1
AACTAGGCTTGGGTGT-1	L5
AACTCAAGTTAATTGC-1	L4
AACTCCAGAGCGTGTT-1	L5
AACTCCTAATCCCATG-1	L1
AACTCGATAAACACGT-1	L3
AACTCGATGGCGCAGT-1	L3
AACTCTCAATAGAGCG-1	L3
AACTCTCAGTGTGCTC-1	L6
AACTGAGGTCAGCGTC-1	L1
AACTGATATTAGGCCT-1	L2
AACTGGGTCCCGACGT-1	L3
AACTGGGTTCGAGCCG-1	L1
AACTGGTGTGGGCCTT-1	L1
AACTTCTGCGTCTATC-1	L3
AACTTGCCCGTATGCA-1	L4
AACTTGCGTTCTCGCG-1	L3
AACTTTACGGGAGCTT-1	L5
AACTTTAGCTGCTGAG-1	L1
AACTTTCTCGATCATG-1	L1
AAGAAATCACCAGATT-1	L1
AAGAAGGATCAGTTAG-1	L3
AAGACATACGTGGTTT-1	L5
AAGACCCAACTGAACA-1	L6
AAGACTAACCCGTTGT-1	L2
AAGACTCACGCCCACT-1	L2
AAGACTGCAAGCTACT-1	L3
AAGAGATGAATCGGTA-1	L3
AAGAGCTCTTTATCGG-1	L3
AAGAGGATGTACGCGA-1	L5
AAGAGGCATGGATCGC-1	L3
AAGAGGCCCTTTGGAA-1	L5
AAGATGGCACCGGACC-1	WM
AAGATTGGCGGAACGT-1	L2
AAGCACCCTGCGTATC-1	L5
AAGCATACTCTCCTGA-1	L5
AAGCCGAAGCGGTTTA-1	L3
AAGCCGCTTTACCTTG-1	L1
AAGCGCAGGGCTTTGA-1	L6
AAGCGGAGTGCGCGCA-1	L2
AAGCGGCGTCATGGGT-1	L1
AAGCGTCCCTCATCGA-1	WM
AAGCTAGATCGAGTAA-1	L5
AAGCTCGTGCCAAGTC-1	L3
AAGCTCTTTCATGGTG-1	L5
AAGGAGAACTTATAAG-1	L1
AAGGAGCGGTTGGTGC-1	L3
AAGGATCGATCGCTTG-1	L3
AAGGATGAGGGACCTC-1	L2
AAGGCAGGCTGTCTCC-1	L3
AAGGCGCGTAAAGCTT-1	L3
AAGGCTGTGCTCATCG-1	L3
AAGGGACAGATTCTGT-1	L2
AAGGGACTATGCATTC-1	WM
AAGGTATCCTAATATA-1	L2
AAGGTGATAAACCAGC-1	L3
AAGTAAGCTTCCAAAC-1	L1
AAGTAGAAGACCGGGT-1	L3
AAGTAGTGACGCGAGG-1	L4
AAGTCAATTGTCGTCA-1	L3
AAGTCTAGTAGCTGCC-1	L1
AAGTCTTCTGTGGCCT-1	L6
AAGTGACGACCGAATT-1	L5
AAGTGAGTCGGGTTTA-1	WM
AAGTGCAAAGGTAGAC-1	L5
AAGTGCCTTGACTGTA-1	L3
AAGTGCGTTAGAATCT-1	L6
AAGTGCTTCTCTATTG-1	WM
AAGTGTTTGGAGACGG-1	L5
AAGTTCACTCCAAGCT-1	L5
AAGTTCAGTCTGCGTA-1	L1
AAGTTCGGCCAACAGG-1	L5
AAGTTGTGATGTTATA-1	L5
AAGTTTACTAATGGCA-1	L1
AAGTTTATGGGCCCAA-1	L6
AATAACAACGCTCGGC-1	L5
AATAACACTAGAACAA-1	L6
AATAAGTCCTCGAGAC-1	L1
AATACAATGTTTCAGG-1	L3
AATACCGGAGGGCTGT-1	WM
AATACCTGATGTGAAC-1	L6
AATAGAACAGAGTGGC-1	L6
AATAGAATCTGTTTCA-1	L4
AATAGCAAGCCTCCTG-1	L2
AATAGCTACCGCGTGC-1	L1
AATAGTCCGTCCCGAC-1	L6
AATAGTCGCGAGTCGG-1	L4
AATATCAAGGTCGGAT-1	L2
AATATCGAATCAATGC-1	L3
AATATCGAGGGTTCTC-1	L1
AATATTGGAGTATTGA-1	L5
AATCAGACTGCAGGAC-1	L2
AATCAGGTTTCATTTA-1	WM
AATCATGTAAAGACTC-1	L4
AATCCAAGGGCCTGAG-1	L3
AATCCATGCAAGGGTG-1	L3
AATCGAGGTCTCAAGG-1	WM
AATCGCCTCAGCGCCA-1	L3
AATCGCGCAGAGGACT-1	L3
AATCGGGACACTACGA-1	L1
AATCGGTATAGCCCTC-1	L6
AATCGTGAGCCGAGCA-1	L6
AATCTAGGTTTACTTG-1	WM
AATCTATGCCGGAGCC-1	L1
AATCTCTACTGTGGTT-1	L5
AATCTGCGTTGGGACG-1	L3
AATCTGGCTTTCTAGT-1	WM
AATCTGGGTAGACCCT-1	L1
AATGACAGCAATGTCT-1	L6
AATGACGTAGGATGTC-1	L3
AATGACTGTCAGCCGG-1	L3
AATGAGTTCGCATATG-1	L3
AATGATGATACGCTAT-1	L1
AATGATGCGACTCCTG-1	L1
AATGCAACCGGGTACC-1	L3
AATGCACCAAGCAATG-1	L1
AATGGCCGCCAATGCG-1	L3
AATGGTCCACCGTTCA-1	L5
AATGGTTCTCACAAGC-1	L3
AATGTGCCCGAGGTGT-1	WM
AATGTGCTAATCTGAG-1	WM
AATGTTAAGACCCTGA-1	L6
AATGTTGTCGTGAGAC-1	L5
AATTAAAGGTCGGCGT-1	L4
AATTAACGGATTTCCA-1	L5
AATTACTCGTACGCTC-1	L3
AATTAGCGCTGCAGCG-1	L5
AATTATACCCAGCAAG-1	L6
AATTCATAAGGGATCT-1	L1
AATTCCAACTTGGTGA-1	L2
AATTCCAAGCATGTAC-1	WM
AATTCGATTCGAGGAT-1	L6
AATTCTAGAGTTAGGC-1	L5
AATTGAACGCTCTGGT-1	L3
AATTGCAGCAATCGAC-1	L5
AATTGTGGTTGCCAAA-1	L5
AATTTGGGACATAGTA-1	L1
AATTTGGTTCCAAAGA-1	L1
ACAAACCGACAAGGCG-1	L1
ACAAAGAAGGTAGGCC-1	L6
ACAAAGCATGACCTAG-1	L5
ACAAATCGCACCGAAT-1	L4
ACAAATGGTAGTGTTT-1	L3
ACAAATTCAGATCTGA-1	L1
ACAACAGCATGAGCTA-1	L3
ACAACGGTCCCTGCGA-1	L3
ACAAGCAGTGCCTAGC-1	L4
ACAAGCTATATGGAAG-1	L6
ACAAGGAAATCCGCCC-1	L4
ACAAGGACAAGAGGTT-1	L3
ACAAGGATGCTTTAGG-1	L5
ACAAGGCCTACCAGCC-1	L2
ACAAGGGCAGGCTCTG-1	L4
ACAATAGTCGTACGTT-1	L5
ACAATCCATTTAAACC-1	L5
ACAATCGATCTTTATA-1	L1
ACAATGAATACGGAGA-1	WM
ACAATGATTCTTCTAC-1	L2
ACAATTGTGTCTCTTT-1	L4
ACAATTTAGGAGGCTC-1	L5
ACAATTTGAGCAGTGG-1	L3
ACACAAAGACGGGTGG-1	L3
ACACAAATATTCCTAG-1	L1
ACACACCAGGACCAGT-1	L3
ACACACTTTCTACACG-1	L1
ACACATTGACGCAACA-1	L3
ACACATTTCCGTAGAC-1	WM
ACACCACATAATTAGC-1	L1
ACACCCAGCATGCAGC-1	L3
ACACCCGAGAAATCCG-1	L3
ACACCCGTAAATCTGT-1	L3
ACACCGAGCGCTCTTT-1	L3
ACACCTTAAGTAGGGC-1	L3
ACACCTTACTACTTGC-1	L3
ACACGAGACTCCTTCT-1	L3
ACACGGCACTATGCAT-1	L1
ACACGGGAACTTAGGG-1	L3
ACACGTAGGCCACAAG-1	L4
ACACTCCAATGTCACT-1	L3
ACACTGATCAAGGTGT-1	L5
ACACTGGGACAGTCGT-1	L4
ACAGAACTGAGAACAA-1	WM
ACAGATTAGGTTAGTG-1	L1
ACAGCATAGAGCCAGT-1	L1
ACAGCGACATTCTCAT-1	L5
ACAGCGCACCCGCAGC-1	L1
ACAGGCACGGATCCTT-1	L6
ACAGGCTTGCCCGACT-1	L4
ACAGGTGGAGGTGAGG-1	L6
ACAGGTGTGTTGTTGC-1	L6
ACAGTAATACAACTTG-1	L6
ACAGTATACCGTGGGA-1	L1
ACAGTGCAGCGCATTT-1	L3
ACATAATAAGGCGGTG-1	L3
ACATCAGCTGGGACGC-1	L5
ACATCCCGGCCATACG-1	L5
ACATCCTGGTAACTGT-1	L3
ACATCGATCGTTTACC-1	L4
ACATCGGTCAGCCGCG-1	L5
ACATCGTATGCAATGG-1	L3
ACATCGTTAACCTAGT-1	L1
ACATCTCAACGCGTAA-1	L1
ACATGGCGCCAAAGTA-1	L3
ACATGGCTCAATTTAG-1	L3
ACATTAGTTTATATCC-1	L5
ACATTTGAAACCTAAC-1	L6
ACCAAACACCCAGCGA-1	L1
ACCAAACTAGAAATCC-1	L1
ACCAACACCACACACT-1	L1
ACCAACCGCACTCCAC-1	L5
ACCAACGCTTATTTAT-1	L6
ACCAAGAACGCGTGTC-1	L3
ACCAAGTCATCGGCAG-1	L6
ACCAATATGCAAGTTA-1	L5
ACCACAACTCAGAACA-1	L1
ACCACAAGTTTCTATC-1	L3
ACCACACGGTTGATGG-1	WM
ACCACCAATGTAACAA-1	L3
ACCACCCTCTCTTCTA-1	L1
ACCACGTGCAGCTATA-1	L4
ACCACTGTTCAAGAAG-1	L3
ACCAGACCATAACAAC-1	L6
ACCAGCCCGGTCTTTG-1	L1
ACCAGGAGTGTGATCT-1	L1
ACCAGTGCCCGGTCAA-1	L1
ACCAGTGCGGGAGACG-1	L3
ACCATATCCGCAATAA-1	L4
ACCATCCGCCAACTAG-1	L6
ACCATCGTATATGGTA-1	L5
ACCATTAAGGGTGTCA-1	L3
ACCCAACGCCCGTGGC-1	L3
ACCCACCTACATGCTC-1	L3
ACCCATCTTGAGGGTA-1	L4
ACCCATTTGTCCCTCT-1	L5
ACCCGAGCGAAATTAC-1	WM
ACCCGATTGGTTCCGA-1	WM
ACCCGGAAACTCCCAG-1	L5
ACCCGGATGACGCATC-1	L3
ACCCGGTTACACTTCC-1	L5
ACCCGTAGTCTAGTTG-1	L5
ACCCGTGTCATCAGTA-1	L6
ACCCTATAGGACTGAG-1	L3
ACCCTATGCCATATCG-1	L6
ACCCTCCCGTCAGGGC-1	L6
ACCCTCCCTTGCTATT-1	L4
ACCCTGGTAACGCCCT-1	L1
ACCCTTCATCTGCGAA-1	L1
ACCCTTGCCTGGGTCG-1	L1
ACCCTTTAGTTCTCCA-1	L1
ACCGAAAGGGCCCTGC-1	L1
ACCGACACATCTCCCA-1	L6
ACCGACTGAGTCCCAC-1	L3
ACCGAGTCTCCTTATT-1	L6
ACCGATAGGCATAACC-1	L4
ACCGATGGTAGCATCG-1	L3
ACCGCAATAACTGCCT-1	L5
ACCGCGGTGGAAGTCG-1	L3
ACCGGGCCTTTGTTGA-1	L3
ACCGGTCTGAGTACGG-1	L2
ACCGTGACCACGTGGG-1	WM
ACCGTTCCCGCTCTGA-1	L1
ACCTAAGTACCTTTCA-1	L6
ACCTAATCGACTTCCT-1	L4
ACCTACAGTATGTGGT-1	L3
ACCTACTATAAATCTA-1	WM
ACCTCCGCCCTCGCTG-1	L4
ACCTCCGTTATTCACC-1	L2
ACCTGCGTGTCATGTT-1	L6
ACCTTTCCTTTAGAAG-1	L1
ACGAAATGGGCGGCAC-1	L4
ACGACTCTAGGGCCGA-1	L6
ACGACTGGTCATACTC-1	WM
ACGAGAACCCATCACG-1	L2
ACGAGATATTTGCTTA-1	L1
ACGAGGATACCACTCT-1	WM
ACGAGTACGGATGCCC-1	L1
ACGATACATAGAACTA-1	L2
ACGATACCTATCCTGA-1	L5
ACGATCATACATAGAG-1	L3
ACGATCATCTTGTAAA-1	L3
ACGATGCATATGTTAT-1	L4
ACGATGGATCCGATGC-1	L1
ACGCAAACTAATAGAT-1	WM
ACGCAATCACTACAGC-1	L1
ACGCATAAATGACATG-1	L2
ACGCATACGTTTACTA-1	L4
ACGCATTCGTGAGTAC-1	L3
ACGCCACTCGAAACAG-1	WM
ACGCCAGATGATTTCT-1	L1
ACGCCAGTGCGTTTGC-1	L6
ACGCCCAGCTGTCGAT-1	L1
ACGCCGCTAGACGACC-1	L4
ACGCGAAGTCAGACGA-1	L5
ACGCGCTACACAGGGT-1	L5
ACGCGGGCCAAGGACA-1	L3
ACGCGTTTCTTAAGAG-1	L5
ACGCTAGTATCAGTGC-1	L3
ACGCTAGTGATACACT-1	L2
ACGCTGTGAGGCGTAG-1	L5
ACGCTTAGTGTCTCTC-1	L1
ACGGAACACGAGTGCC-1	L6
ACGGAATTTAGCAAAT-1	L3
ACGGACTCTCAAAGCG-1	L6
ACGGAGCGCAAATTAC-1	L1
ACGGATGGTGCGGATA-1	L5
ACGGCACTTGCTTGGG-1	L5
ACGGCCAACATGGACT-1	L5
ACGGCGACGATGGGAA-1	L4
ACGGCGGGTTGCCCTG-1	L2
ACGGGAGTGTCGGCCC-1	L6
ACGGGCGTATGCGACA-1	L1
ACGGGTCATGTGACTT-1	L3
ACGGTACAGTTCAATG-1	L6
ACGTACAGATTTCTCT-1	L1
ACGTACTTTGGCACGG-1	WM
ACGTAGATTGCTGATG-1	L3
ACGTAGGAGAGTCGCT-1	L6
ACGTATTACTCCGATC-1	L3
ACGTCCTAAACGAGAT-1	L1
ACGTCTCGTTCCGGGA-1	L6
ACGTGCGCCTCGTGCA-1	L2
ACGTGGTCGAATGTGC-1	L1
ACGTTAATGTCGAAGA-1	L3
ACGTTAGATTTGCCCG-1	L5
ACGTTATTGGTCACTC-1	L3
ACGTTCCGCGCTCCGT-1	L1
ACGTTCGCAATCAATT-1	L2
ACGTTCGTTCAGGAAA-1	WM
ACGTTCTGTACAAGTC-1	L5
ACGTTTAGTTGTGATC-1	L1
ACTAAGGACGCACACC-1	L2
ACTAATACGTCAGGCG-1	L1
ACTACAAAGAGAGGTG-1	WM
ACTACCAGCTCTCTGG-1	L3
ACTACGCGTTAGAATT-1	L6
ACTAGTTGCGATCGTC-1	L3
ACTATATGCTGTGTTC-1	L1
ACTATCCAGGGCATGG-1	L3
ACTATCGCCGGCTAAA-1	L3
ACTATCTGCCCGCGTA-1	L3
ACTATTCGTCCGTGGT-1	L1
ACTATTTCCGGGCCCA-1	WM
ACTCAACGAATGTATT-1	L2
ACTCAAGTGCAAGGCT-1	L5
ACTCAATAAAGGCACG-1	L3
ACTCAGACCTGCTTCT-1	L2
ACTCCAATATCATCAT-1	WM
ACTCCCATTCCTAAAG-1	L6
ACTCCCGAATTCGTTT-1	L2
ACTCCCGTAGACTAGG-1	L1
ACTCCCTAATGCTAAA-1	L5
ACTCCCTAGAATAGTA-1	L4
ACTCCGGCCGACCACT-1	L6
ACTCGATGTATTTCAT-1	L3
ACTCGCCGTTCGATAA-1	L5
ACTCGCGATCTGACGC-1	-1
ACTCGTAACCCGTCCT-1	L6
ACTCGTCAGTAATCCC-1	L3
ACTCTAAACCTGGGAT-1	L5
ACTCTCTGACTTAGGT-1	L3
ACTCTCTTATACACGA-1	L1
ACTCTGACCTAATAGA-1	L6
ACTCTTGTATAGTAAC-1	L3
ACTGAAACGCCGTTAG-1	L5
ACTGAATGGCGAAAGT-1	L4
ACTGATTTAGTGATTC-1	L1
ACTGCCCGCCATTCTC-1	WM
ACTGCCGTCGTAACTC-1	L1
ACTGCGGACACACCGT-1	L2
ACTGGCGAACCTGCGT-1	L2
ACTGTACGATACACAT-1	L3
ACTGTAGCACTTTGGA-1	L3
ACTGTATACGCGAGCA-1	L3
ACTGTCCAGGATTATA-1	L3
ACTGTCTTCTTTAGAA-1	L3
ACTGTGCTAGTAGATC-1	L3
ACTGTTTAGTGTAGGC-1	L1
ACTTACCGGGCGCGCA-1	L1
ACTTACGCATCCACGC-1	L5
ACTTAGTACGACAAGA-1	L3
ACTTATACTTACCCGG-1	L3
ACTTATCTGATCTATA-1	L1
ACTTATTAGGATCGGT-1	L4
ACTTATTTATGTGCCA-1	L3
ACTTCAGGCTGATCCC-1	L4
ACTTCCATGCGGGACA-1	L5
ACTTCCTGTCGTGCGA-1	L3
ACTTCGCCATACGCAC-1	L3
ACTTGACTCCCTCTTT-1	L3
ACTTGCCATATTGTAC-1	L1
ACTTGGGACCCGGTGG-1	L3
ACTTGTAGTCCCTTCA-1	L6
ACTTGTGGATGGAACG-1	L3
ACTTTACCCTCATGAA-1	L2
ACTTTCCTATAGCTTC-1	L3
ACTTTGACTGCATCCT-1	L5
AGAAATTATGACTCGC-1	L3
AGAACGTGGTACATTC-1	L3
AGAACTGTACTTTGTA-1	L6
AGAAGAGCGCCGTTCC-1	L3
AGAAGGTACACTTCAC-1	WM
AGAAGGTTGCCGAATT-1	L5
AGAAGGTTGTAGGTCG-1	L6
AGAAGTGATTCGTGAT-1	L6
AGAATAAATCTTCAGG-1	L5
AGAATACAGGCTATCC-1	L6
AGAATGCGGGTTCGGA-1	L1
AGAATTATGGATTCGA-1	L3
AGAATTGTTTGACATA-1	L3
AGACAGCTCAGAATCC-1	L4
AGACATAGATCCTTCC-1	L1
AGACCATGGGATACAA-1	L3
AGACCCACCGCTGATC-1	L5
AGACCCGCCCTCCTCG-1	L3
AGACCGCTCCGCGGTT-1	L3
AGACCGGGAAACCCTG-1	L5
AGACGAAGTGCCGGTC-1	L3
AGACGACGATGCCGCT-1	L6
AGACGGGATTGGTATA-1	L1
AGACGGGCCGATTTAA-1	L1
AGACTAGCCTTCCAGA-1	L3
AGACTGTTACCGGGTC-1	WM
AGAGAAACACCAGAAA-1	WM
AGAGAACCGTCTAGGA-1	L2
AGAGAAGGAGTACAAT-1	WM
AGAGATCTCTAAAGCG-1	L5
AGAGCAGTTATGAGAC-1	L4
AGAGCCGCCGAGATTT-1	L4
AGAGCGCTTGTAACGG-1	L1
AGAGCGGGCTAATCAT-1	L2
AGAGCGTACAAGCTCG-1	L3
AGAGCTACGAAAGCAT-1	L3
AGAGGCTTCGGAAACC-1	L3
AGAGGGACAATTGTCC-1	L2
AGAGGTATCTCGGTCC-1	L1
AGAGTAAACTTCACTA-1	L3
AGAGTGAACAGACACC-1	L3
AGAGTTAGAGACCGAT-1	L1
AGAGTTGCAGGCCTCC-1	L2
AGATAACTTCAGGGCC-1	L3
AGATACCAATAGAACC-1	L5
AGATACCAGCACTTCA-1	L1
AGATACCGGTGTTCAC-1	L5
AGATACGACTTCATAT-1	L3
AGATACTCAAGATCGA-1	L4
AGATATAATACGACTA-1	L6
AGATCGTGCATAAGAT-1	L1
AGATCTCAGGTGTGAT-1	L3
AGATGACTCGCCCACG-1	L3
AGATGAGGGTTGCGAT-1	L1
AGATGATGGAGTCTGG-1	L2
AGATGCAAGACGTGCA-1	WM
AGATGCTATAACGAGC-1	L3
AGATTATAGGACGTTT-1	L3
AGATTCAAGCGGGTCG-1	L3
AGATTCACAACCGATA-1	WM
AGCAAAGGCCGCTAGT-1	L6
AGCAACATATCTTATT-1	L3
AGCAACCGAAAGTAAT-1	WM
AGCACCAGTACTCACG-1	L3
AGCACTACCGGCCTGT-1	L5
AGCACTACCTCACCAG-1	L5
AGCACTTAAGGACGCC-1	L4
AGCAGAAGGAGAAAGA-1	L6
AGCAGCCAGATGAATA-1	L6
AGCAGTCGAAGCATGC-1	L6
AGCATATCAATATGCT-1	L4
AGCATCATTTCGAAAG-1	WM
AGCATCGTCGATAATT-1	L3
AGCATTACGAGGCAAG-1	L5
AGCCAAGCTTTGTGTC-1	L6
AGCCACAGGTTACCCG-1	L5
AGCCACTCCCGTGCTT-1	L2
AGCCATATAGTATGTG-1	WM
AGCCCATACATGTAAG-1	L5
AGCCCGCAACAAGCAG-1	WM
AGCCCGGCATTAGAGG-1	WM
AGCCCGGTAGCCTGTA-1	WM
AGCCCTAAGCGAAGTT-1	L2
AGCCCTTCTAATCCGA-1	L1
AGCCCTTGGACATCCC-1	L4
AGCCGCAAATTCAAAT-1	L6
AGCCGCTTGATTAGCG-1	L3
AGCCGTGGCTAAATGT-1	L6
AGCCTAATACCCACGT-1	WM
AGCCTTAAAGCGGAAG-1	L3
AGCGACAGGAACGGTC-1	L6
AGCGACATCCCATTCA-1	L2
AGCGACCAACGATATT-1	L3
AGCGATGCGCCTAATA-1	L5
AGCGCATAATGAATCG-1	L6
AGCGCGGGTGCCAATG-1	L1
AGCGCTTATGGGCAAG-1	L1
AGCGGACACTTCGTAG-1	L6
AGCGGCGGTTAGCGGT-1	WM
AGCGGGAAGGGTCCAT-1	L3
AGCGGGTCTGACACTC-1	L6
AGCGGTTGAGATGTAC-1	L2
AGCGGTTGCCGCTCTG-1	L1
AGCGTACGAGAGCTAG-1	L3
AGCGTAGCGCTAGACC-1	L1
AGCGTCTGAACCCGCA-1	L2
AGCGTGGTATTCTACT-1	L4
AGCGTTCCGATTTAAA-1	L2
AGCTAACAAGCAATGT-1	WM
AGCTAAGTACGCAGGC-1	L5
AGCTAGAAGCAGAAGT-1	L1
AGCTATTTAATCCAAC-1	L1
AGCTCCATATATGTTC-1	L4
AGCTCCTTCGCACATC-1	L4
AGCTCGTTGATGGAAA-1	L1
AGCTCTAGACGTTCCA-1	L3
AGCTCTTCCCAGTGCA-1	L1
AGCTCTTCGTAACCTT-1	L3
AGCTCTTTACTCAGTT-1	L5
AGCTGAAGTAAACCAA-1	L1
AGCTGCATTTGAGGTG-1	L3
AGCTGCTGTGCCGAAT-1	L3
AGCTGTAACCTCAATC-1	WM
AGCTTATAGAGACCTG-1	L1
AGCTTCAATACTTTGA-1	L1
AGCTTCTTCTCGAGCA-1	L6
AGCTTGATCTTAACTT-1	L5
AGGAAAGCCTCTGATG-1	L3
AGGAAGCTGTCCGCCG-1	L6
AGGACAGTCGAATCCC-1	L3
AGGACATCGCACGTCG-1	L3
AGGACGACCCATTAGA-1	L5
AGGACGCTCGATGTTG-1	L1
AGGACTTATAGGAGAA-1	L3
AGGAGGCCTTCGCGCG-1	L4
AGGATAAAGTCGGGAT-1	L5
AGGATATAGGGATTTA-1	L3
AGGATATCCGACTGCA-1	L6
AGGATCACGCGATCTG-1	L6
AGGCAAAGAGGAATCA-1	L1
AGGCACGTGACTGTCC-1	L4
AGGCAGATGCGTAAAC-1	L2
AGGCAGGGAGCGTACT-1	L6
AGGCATTGTCGTAGGG-1	L3
AGGCCACCCGTTATGA-1	L3
AGGCCCAGTGACTGGT-1	L3
AGGCCCATTGTACAGG-1	L2
AGGCCCTAGAACGCCA-1	L6
AGGCCTATCATACCAA-1	WM
AGGCCTGAGAATCTCG-1	L5
AGGCGGTTTGTCCCGC-1	WM
AGGCGTCTATGGACGG-1	L1
AGGCTATGGTTAGCTT-1	L3
AGGCTTCCCGAAGAAG-1	L5
AGGCTTGCTAGACACC-1	L4
AGGGAAACGAGGTACT-1	L1
AGGGACAGCACGGCGG-1	L1
AGGGACCGGCTGCGTT-1	L3
AGGGACTCTACGCGAC-1	L6
AGGGAGACATACTTCG-1	L1
AGGGCAGCGGCGTGGT-1	L1
AGGGCGAGCAGCTGAT-1	L6
AGGGCGTGATCGGCTA-1	L3
AGGGCTGCAGTTACAG-1	L3
AGGGTCAGAGCACTCG-1	WM
AGGGTCAGTAACCCTA-1	L1
AGGGTCGATGCGAACT-1	L3
AGGGTGCCGTTCTTTA-1	WM
AGGGTGCTCTCGAGGG-1	L3
AGGGTGGATAGTGCAT-1	L5
AGGGTGTGCTACACGC-1	L3
AGGGTTCAGACGGTCC-1	WM
AGGGTTCCCTTTGGTT-1	L3
AGGGTTTAGTTCGGGA-1	L3
AGGTAACCTCCTATTC-1	L3
AGGTACGATATTGCCA-1	L1
AGGTAGATCGAGATAT-1	WM
AGGTAGGTACAAAGCT-1	L4
AGGTATAATTGATAGT-1	L2
AGGTCAGGTGAGAGTG-1	L6
AGGTCGCCACTTCGGT-1	L1
AGGTCGCGGAGTTACT-1	L1
AGGTGCACGTCCACAT-1	L6
AGGTGGTGACCTTCGC-1	WM
AGGTGTATCGCCATGA-1	L5
AGGTTACACCATGCCG-1	L3
AGGTTGAGGCACGCTT-1	L3
AGGTTTCACACACCTT-1	L4
AGTAACGTTCATCCTG-1	L1
AGTAACTATAGCAGCC-1	L6
AGTAATCTAAGGGTGG-1	L6
AGTAATGTCTTGCCGC-1	L2
AGTACAGAAGCTTATA-1	L6
AGTACATCATTTATCA-1	L1
AGTACCTTCGAGTGCT-1	L1
AGTACGGCCCGTATCG-1	L5
AGTACGGGCACCTGGC-1	L3
AGTACGTGGCCTGTCT-1	L1
AGTACTCTTATGCCCA-1	L5
AGTAGAAGGCGCCTCA-1	WM
AGTAGCGTGAACGAAC-1	L1
AGTAGCTAGACGCCGA-1	L2
AGTAGGAAGGAAGTTG-1	L1
AGTAGGTAACATACAT-1	L2
AGTATAATACTAGGCA-1	L3
AGTATACACAGCGACA-1	WM
AGTATCCATAATAACG-1	L2
AGTATGCTGGAGACCA-1	WM
AGTATTTGGCACGACC-1	L6
AGTCAAATGATGTGAT-1	WM
AGTCAACACCACCATC-1	L5
AGTCAAGATGACACTT-1	L3
AGTCACTAGCTCTCGA-1	L4
AGTCACTCCGCCTCAT-1	L2
AGTCAGCCACCGCCTG-1	L3
AGTCCAGCGGGTACGT-1	L2
AGTCCATTGGCTGATG-1	L3
AGTCCCGCCTTTAATT-1	L1
AGTCGACGGTCTCAAG-1	L3
AGTCGGCCCAAACGAC-1	L3
AGTCGGCTCAACTTTA-1	L6
AGTCGGTTGCGTGAGA-1	L3
AGTCGTATAAAGCAGA-1	L6
AGTCGTCGACCACCAA-1	L5
AGTCGTGGGCATTACG-1	L6
AGTCTAAAGTATACTC-1	L1
AGTCTCACAAGACTAC-1	L6
AGTCTGGACATCCTTG-1	L3
AGTCTTCTCCTCAAAT-1	L3
AGTCTTTAAAGTGTCC-1	L6
AGTGAACAAACTTCTC-1	L3
AGTGAAGATGGTGTCC-1	L1
AGTGACCTACTTTACG-1	L5
AGTGACTGTGACACAA-1	WM
AGTGAGACTTCCAGTA-1	L3
AGTGAGCCTCGCCGCC-1	L2
AGTGAGGGTTTCTGAC-1	L1
AGTGAGTCGAATTAAC-1	L5
AGTGATAACCTGCGCG-1	L5
AGTGATATGAGTAGTT-1	L5
AGTGATTCAAGCAGGA-1	L3
AGTGCACGCTTAAGAA-1	L4
AGTGCGTAGCTCGTAA-1	L5
AGTGCTAAACACAGCA-1	L5
AGTGCTTGCACGAATA-1	L3
AGTGGCCCGCAAATGG-1	L6
AGTGGCGGCAATTTGA-1	L1
AGTGGCGTCTGAAGGT-1	L5
AGTGGCTCCGTCGGCC-1	L5
AGTGGTGTTACCCGTG-1	L6
AGTGGTTGCGTATAGG-1	L5
AGTGTATTGCGCATTG-1	L1
AGTGTGCTAAGATCGC-1	L3
AGTGTGGTCTATTGTG-1	L3
AGTTAAACACTTGCGA-1	L5
AGTTAAGCGGTCCCGG-1	L1
AGTTAAGTCAACCGCT-1	L6
AGTTACCCTTAAGACT-1	L4
AGTTACCGCACATGGT-1	L4
AGTTACTCTATCGTGG-1	L1
AGTTATTGAAAGGTAA-1	L1
AGTTCACCGGTTGGAC-1	L3
AGTTCCTACAGAATTA-1	L3
AGTTCCTATTTATGTT-1	L4
AGTTCTGCGTTGTATC-1	L3
AGTTGACATCGGCTGG-1	L3
AGTTGACGGTCCTTGC-1	L6
AGTTGCTGACTGATAT-1	L3
AGTTGGCAAGGCTAGA-1	L5
AGTTTCGCAGGTCGGA-1	L1
AGTTTGCACCTGCCTC-1	L5
AGTTTGGCACGGGTTG-1	L3
AGTTTGGCCAGACCTA-1	L6
ATAAACCATTGGACGG-1	L1
ATAAACGGACCCGTAA-1	L5
ATAAACGTTGCACCAC-1	L4
ATAAAGGCTCGGTCGT-1	L3
ATAAAGGTCAAGTACG-1	L1
ATAAATATTAGCAGCT-1	L5
ATAACGCCGGAGGGTC-1	L3
ATAACGGAGTCCAACG-1	L3
ATAACGTTACCTCCAC-1	L2
ATAAGCAAACACCGAG-1	L2
ATAAGGTGGAGAACAT-1	L5
ATAAGTACCCGATTGT-1	L2
ATAAGTAGGATTCAGA-1	L1
ATAAGTAGGGCGACTC-1	L3
ATAAGTTACCGCGACG-1	L5
ATAATACCGTTAGCCG-1	L3
ATAATAGCTGTTGAAT-1	L5
ATAATAGTGTAGGGAC-1	L3
ATAATCTTGGAGAACC-1	L5
ATAATTAGCTAAGTAG-1	L6
ATACAGGCCCTCCAAT-1	L5
ATACCACGGGCAACTT-1	L5
ATACCAGCAAATTGCT-1	L1
ATACCAGGCTAATAGA-1	L1
ATACCAGGTGAGCGAT-1	L1
ATACCGTCATCCATAA-1	L1
ATACCTAACCAAGAAA-1	L6
ATACGACAGATGGGTA-1	L3
ATACGCCGATCTACCG-1	L1
ATACGCCGGCGAAACC-1	L3
ATACGGAACGTCGTTT-1	WM
ATACGGGTTTCGATTG-1	L2
ATACGGTGAAGATGCA-1	L5
ATACGTACTTAGCCAC-1	L5
ATACGTCCACTCCTGT-1	L3
ATACGTTATGCACGGA-1	L6
ATACTACCCGTACCAC-1	L5
ATACTAGCATGACCCT-1	L3
ATACTCTCGCCACTCT-1	L3
ATACTGCCTTACACCG-1	L5
ATACTTGTTCTCGAGC-1	L5
ATAGACAACGGGACCT-1	L2
ATAGACGAAGAGAAAG-1	L3
ATAGAGTACTGGGACA-1	L3
ATAGAGTTATCAACTT-1	L2
ATAGATTTGCAGTCGG-1	L1
ATAGCAACTAGGGAAG-1	L5
ATAGCCTCAGTACCCA-1	L3
ATAGCTGCTCTTGTTA-1	L3
ATAGGAATCTAAGCTT-1	L2
ATAGGCGGCTATAGAA-1	L5
ATAGGCTAGCTTCGCA-1	L1
ATAGGGATATCCTTGA-1	L3
ATAGGTTGGGCAGATG-1	L3
ATAGTCTTTGACGTGC-1	L1
ATAGTGAAGCGTTCTC-1	L4
ATAGTTCCACCCACTC-1	L3
ATATAAAGCGCTCGTG-1	L5
ATATAAATGTAGCTGC-1	L5
ATATAACACGGGCGCA-1	L5
ATATACGCTCGTGACG-1	L5
ATATCAACCTACAGAG-1	L3
ATATCGGTAGGGAGAT-1	L3
ATATCGTGCCAGACCC-1	L1
ATATCGTTCCTCGAAC-1	L5
ATATCTCCCTCGTTAA-1	L1
ATATCTTAGGGCCTTC-1	L3
ATATGGGATAGCAACT-1	WM
ATATGTCTAGAGCGTG-1	WM
ATATGTCTCCCTAGCC-1	L3
ATATGTGCACAAACCA-1	L2
ATATTCAGTTAAACCT-1	L5
ATATTCCACATAGTGA-1	L5
ATATTCCCACAGGTCA-1	L1
ATATTGCTGTCAAAGT-1	L3
ATATTTAACCCTCAAG-1	L3
ATCAAACACTGTTCCA-1	L3
ATCAAACGAAGGTTTG-1	L6
ATCAAGATCCCAGGAC-1	WM
ATCAATCTGGGCTGCA-1	L3
ATCACATTAGAATATC-1	L1
ATCACGTGCTAATTAA-1	L5
ATCACTTCATCCTCGC-1	L3
ATCAGACGGCACGCCG-1	L5
ATCAGCCTCATGCTGC-1	L5
ATCAGCTCGTCCACTA-1	WM
ATCAGGTCGCCATTGC-1	L1
ATCAGTAGGCAGGGAT-1	L2
ATCATAGCCCTATGTA-1	L5
ATCATCCAATATTTGT-1	L4
ATCATCTGCCCAGTGT-1	L1
ATCCAACGCAGTCATA-1	L3
ATCCAATGGAGGGTCC-1	L5
ATCCAATGGTACCGAA-1	L5
ATCCACATCGACAGAA-1	L6
ATCCACGCTAAATGTT-1	L1
ATCCACTTTCAGACTA-1	L2
ATCCAGAGCAACAACC-1	L5
ATCCAGGATTCGTGAA-1	L5
ATCCCATTTCCGTGGG-1	WM
ATCCTACCTAAGCTCT-1	L5
ATCCTGAATCGCTGCG-1	L5
ATCCTGCGTGGAATGG-1	L5
ATCCTGCTGCAGATAG-1	L1
ATCGACCCAATACAGA-1	L4
ATCGACTCTTTCCGTT-1	L3
ATCGCACGATTGTTCA-1	L3
ATCGCACGCCGGGAGA-1	L3
ATCGCCAGTCAACATT-1	L3
ATCGCTGCGTGCAGCA-1	L1
ATCGGAGACAGACGGC-1	L5
ATCGGCAAGCAGTCCA-1	L1
ATCGGTTACCTAGTAA-1	L5
ATCGTATTCCGAGAAC-1	L5
ATCGTCCAATCGAGTC-1	L3
ATCGTTAGCTAGCGGA-1	L5
ATCGTTCACTTTCGCC-1	L1
ATCTAACGTCCCTATG-1	L3
ATCTAATATCCTACGG-1	L5
ATCTACCATCTGCTCC-1	L6
ATCTAGCTTGTGAGGG-1	L6
ATCTCATAAACCTACC-1	L3
ATCTCCCACGGAATAT-1	L5
ATCTCCCTGCAATCTA-1	L1
ATCTCGTGAGCGAAAC-1	L3
ATCTGACATGGAAGGA-1	WM
ATCTGATAGTGTCTTA-1	L3
ATCTGCACCTCTGCGA-1	L2
ATCTGCTGTTATCGCC-1	WM
ATCTGGGCTGTTCTTG-1	L6
ATCTGGTTAAGACTGT-1	L3
ATCTGTAATTGTACCC-1	L2
ATCTTATCGCACACCC-1	L5
ATCTTGACCTGCAACG-1	L3
ATCTTGACTTGTCCAA-1	L1
ATCTTTCGTATAACCA-1	L1
ATGAAGCCAAGGAGCC-1	L3
ATGAAGTGGACCCAGC-1	L5
ATGACGCCGGCTCTAA-1	L2
ATGACGCGTTCTATCC-1	L6
ATGACTATCAGCTGTG-1	WM
ATGACTATGCGACATT-1	L4
ATGAGGAGTGTTAATC-1	L3
ATGAGGGCAGCGGCTA-1	L3
ATGATCGGGAATAGAC-1	L3
ATGATGCAATGGTACA-1	L5
ATGCACCTTCCTTAAT-1	L4
ATGCACTACCGCATTG-1	L3
ATGCATGATCCAGGAT-1	L3
ATGCATTCCGTGATGG-1	L1
ATGCCAATCGCTCTGC-1	L1
ATGCCATTTGCGACCA-1	L3
ATGCCGGTCTTGCATA-1	L3
ATGCCGGTTGATGGGA-1	L1
ATGCGACAATTGGTCC-1	L1
ATGCGACAGTCCCATT-1	L3
ATGCGAGTCCCACCAC-1	L3
ATGCTCAGTGTTGCAT-1	L3
ATGCTCTGGCGCGGTA-1	L5
ATGCTTAGGAGTTGAT-1	L4
ATGGAACAGAATAAAC-1	L3
ATGGAGCAGGCCGTGA-1	L3
ATGGATCCGGCGTCCG-1	L1
ATGGATTGACCAAACG-1	L3
ATGGCAGCCGAGAAAC-1	L5
ATGGCTGGAAATGGCC-1	L1
ATGGGAACGGAAGCGG-1	L1
ATGGGACCTGCTGAAC-1	WM
ATGGGCCTCGGCCTCT-1	L3
ATGGTATTGGGAACCG-1	WM
ATGGTCGCGTGGTTTC-1	L3
ATGGTGCTCAAAGCCA-1	L1
ATGGTTACGAAACATG-1	L2
ATGTAAGGCTGCTCTT-1	L2
ATGTACATGCGGTGAG-1	L5
ATGTACGATGACGTCG-1	L6
ATGTAGCGCGCGTAGG-1	L6
ATGTCATTTCCCATTG-1	L3
ATGTGAAAGCCTAATG-1	L6
ATGTGCATCCGACGCA-1	L3
ATGTGGACATCTTGAT-1	L4
ATGTGTAGTTTAGTCA-1	L1
ATGTTACGAGCAATAC-1	L3
ATGTTCCTGCCCACCT-1	L3
ATGTTCGTCGACCCAC-1	L5
ATGTTGATTAGAGACT-1	L6
ATGTTGTAGTCTGTTT-1	WM
ATGTTTGTAAGATCAT-1	L2
ATTAAACATGCGGACC-1	L4
ATTAACACCTGAGATA-1	L4
ATTAATACTACGCGGG-1	L3
ATTAATGAACCAGTCG-1	L2
ATTAATTCGGTCACTC-1	L1
ATTACAACTACCGGCC-1	L1
ATTACATGTCAGTCTT-1	L3
ATTACCACACTGCCTG-1	L3
ATTACGACTCCACAGT-1	L1
ATTACGCGCTGGCAGG-1	L5
ATTACTAGCCTCTTGC-1	L3
ATTACTTACTGGGCAT-1	L1
ATTAGATTCCTCAGCA-1	L1
ATTAGATTGATAGCGG-1	L3
ATTAGGCGATGCTTTC-1	L3
ATTATACTTTGCTCGT-1	L1
ATTATAGCTACTTTAC-1	L2
ATTATCGGAATGTACG-1	WM
ATTATCTCGACAGATC-1	L1
ATTATGCCATAGGGAG-1	L3
ATTATGCTCAGTATTG-1	L3
ATTATTATGTCCGTCA-1	WM
ATTATTCAGAGTCACT-1	L6
ATTCAACCATTTAAGG-1	L5
ATTCACTGATGTTGGA-1	L5
ATTCAGATGAATCCCT-1	L3
ATTCAGGACCTATTTC-1	L1
ATTCAGGATCGCCTCT-1	L1
ATTCAGTAGCAGGGTC-1	L4
ATTCATATACTGTCCA-1	L5
ATTCATCGTTGAGGCA-1	L5
ATTCCCACATAAACAA-1	L3
ATTCCTAAGACGTGGA-1	L1
ATTCCTCCGCCAGTGC-1	L3
ATTCCTTCCAGGCGGT-1	L3
ATTCGACGCCGGGCCT-1	L5
ATTCGCAGAGGACACT-1	L1
ATTCGCGCCTTGAGAG-1	L5
ATTCGTGCTATCTCTT-1	L3
ATTCTCGTCTCTTTAG-1	L2
ATTCTGAGTATGAACT-1	L1
ATTCTTCGTACTTATG-1	L1
ATTGAAGATCTTAGTG-1	L3
ATTGACCGGCGATGAC-1	L1
ATTGACGTAACTCGGT-1	L1
ATTGATAGCAACGAGA-1	L3
ATTGATGAGTCCTAAC-1	L3
ATTGCCTTTATGTTTG-1	L6
ATTGCGATCAGTAACT-1	L4
ATTGCTGCTCCTCCAT-1	L4
ATTGGATTACAGCGTA-1	L4
ATTGGGAATATCTTGG-1	L2
ATTGGGAGTTCTGTAA-1	L2
ATTGGTAGGATCCGCT-1	L5
ATTGGTTGTGCATTAC-1	L6
ATTGTACAACTCGGCT-1	L3
ATTGTCGCAATACCTT-1	L1
ATTGTCTGTTTCATGT-1	WM
ATTGTGACTTCGCTGC-1	L1
ATTTAACTCGTATTAC-1	L2
ATTTACAGTTTACTGG-1	L3
ATTTACTAAGTCCATT-1	L1
ATTTATACTGGTAAAG-1	WM
ATTTCATTATTTCGCG-1	L1
ATTTCCGGGTTCTGCG-1	L6
ATTTGCCTAGTTACGA-1	L1
ATTTGCGCGAGTAGCT-1	L6
ATTTGTCTTGGGAGCT-1	L3
ATTTGTTCCAGGGCTC-1	L2
CAAACCAGGTCTGCAT-1	L6
CAAACCCTCCGGCGGG-1	WM
CAAACGAGTATCGCAG-1	L5
CAAACGGTCGCACTTT-1	L3
CAAACGTGGTCTTGCG-1	L1
CAAACTACGATAGAGA-1	L1
CAAACTATTGAGCTTC-1	L1
CAAACTCGCGACGCCG-1	L3
CAAAGATTATTGGGCC-1	WM
CAAAGGTTAAATTCAG-1	L3
CAAAGTCAGGTTAGCT-1	L3
CAAATCTCTCACAAGG-1	L6
CAAATGCGGAGTGTTC-1	L1
CAAATGTCCTTCCGTG-1	L5
CAAATTGGATTATGCC-1	L1
CAAATTGTCAGCAAGC-1	L1
CAACACATCTCCTGCC-1	L1
CAACAGAATAACGCTA-1	L2
CAACAGTGCCAAACGG-1	L1
CAACATGGCCTGATAA-1	L3
CAACCAGTGGCCTACC-1	L5
CAACCGCACCTAGACA-1	L3
CAACCTACCGAGCAGT-1	L5
CAACGACCCGTTTACA-1	L3
CAACGGTTCTTGATAC-1	L3
CAACGTGGTGGAGTCT-1	L4
CAACTATATCGAATGC-1	L1
CAACTCCAACGTTTAG-1	L1
CAACTCCGTAACTTGC-1	L1
CAACTCCTTGATCCCG-1	L3
CAACTGAGGGTATGAC-1	L2
CAACTGCTCATCCGAT-1	L6
CAACTTGTAGTGGGCA-1	L2
CAAGAAACCCTAAACT-1	L3
CAAGAGGGCGGAGTAC-1	L4
CAAGATATTATAACGT-1	L3
CAAGCAACGTCGGAGT-1	L4
CAAGCACCAAATGCCT-1	L2
CAAGCGGCACATAATT-1	L5
CAAGGATCGCATGTTC-1	L3
CAAGGCCAGTGGTGCA-1	L5
CAAGGGAGTGTATTTG-1	L1
CAAGGTCCTATAGGCT-1	L2
CAAGTAAGTGATAGAC-1	WM
CAAGTGAACTTTGGTT-1	L1
CAAGTGTGGTTGCAAA-1	L3
CAATAAACCTTGGCCC-1	L3
CAATACGAGAGTCTGA-1	L3
CAATACGCTCTGAGGC-1	L5
CAATATGTAGATTTAC-1	L2
CAATATTCTTGACCTA-1	L6
CAATATTGGACTAGTG-1	L3
CAATCCATTATCCGTT-1	L2
CAATCCCTATACCAGC-1	L1
CAATCCTGCCGTGGAG-1	L3
CAATGACCCTTAATTT-1	WM
CAATGAGGTTCGACTA-1	L1
CAATGCGAGAAGTATC-1	L5
CAATGGAATCTACATA-1	L1
CAATGGATCTCTACCA-1	L3
CAATGGTCGGCCTGGG-1	L1
CAATGTGCCAACCCTT-1	L2
CAATTAAGGGTGATGA-1	L3
CAATTTCGTATAAGGG-1	L3
CAATTTGACCGGGAAG-1	L3
CACAAGAAAGATATTA-1	L1
CACAATGAGCTGCTAT-1	L5
CACACACGCTAACGAG-1	L4
CACACAGCTTGCGCTC-1	L3
CACACAGGGATAGATT-1	L3
CACACGCGCTGTCTTA-1	L3
CACACGTTTCAATGGG-1	L1
CACACTTGTATTGCGA-1	L2
CACAGCACCCACGGCA-1	L3
CACAGCTAGGGAGTGA-1	L3
CACAGGGCCATATAGT-1	L5
CACAGGGCCGTTGTCA-1	L6
CACAGTCCCGCTTCGC-1	L5
CACAGTTCGCTTCCCA-1	L3
CACATAAGGCGACCGT-1	L1
CACATATTAGCAGGAT-1	L4
CACATCGTGCACGCGC-1	WM
CACATCTCACCGACGA-1	L5
CACATGATTCAGCAAC-1	L3
CACATGTTTGGACATG-1	L3
CACATTCTTTCGATGG-1	L1
CACATTTCTTGTCAGA-1	L3
CACCACGCCACACAGA-1	L6
CACCAGTCAGCATGCA-1	WM
CACCATCGGAGGAGAC-1	L1
CACCATGATCGCAAAG-1	L1
CACCCAAATCTTATGT-1	L3
CACCCACACGTCACCC-1	L3
CACCCACGAGGCAATT-1	L1
CACCCGGTTTGTGACT-1	L6
CACCCTAACAAGATCT-1	L5
CACCCTTGGTGAGACC-1	WM
CACCCTTTCCTCGCTC-1	L2
CACCGATACACCGAGC-1	L1
CACCGCCAGAAGGTTT-1	L3
CACCGCCGACCAGCGA-1	L1
CACCGCGTCCACTCTA-1	L1
CACCGGAGATATCTCC-1	L1
CACCGGGCATCACAAG-1	L6
CACCGTATCCCATCCG-1	L3
CACCGTTAGGGATCAC-1	L6
CACCGTTGCGCGATAT-1	L6
CACCTAATAGAGTCGT-1	L3
CACCTAATCAGTTTAC-1	L2
CACCTCGATGGTGGAC-1	L2
CACCTCTACGAGTGTG-1	L3
CACCTTGCGAAACTCG-1	L2
CACCTTGGCGCCTTTG-1	L3
CACGAAAGTTAGTCCC-1	L4
CACGACCACAGACTTT-1	L2
CACGACGTAATAGTAA-1	L2
CACGACTAAAGTTCTG-1	L1
CACGATTGGTCGTTAA-1	L1
CACGCACAGCGCAGCT-1	L3
CACGCAGCGAGGCTTT-1	L3
CACGCGGAACTGTTGC-1	L3
CACGGCGCGCCAAAGG-1	L1
CACGGGATTGAGGGTT-1	L5
CACGTCAATCAATGGA-1	L5
CACGTCGGCAACCTCT-1	L6
CACGTCGGGTTCTAGA-1	L3
CACGTCTATGATGTGG-1	L1
CACGTTCGTGCTCTAG-1	L3
CACGTTTCGTACACAC-1	L5
CACTAAAGTTGCCTAT-1	L3
CACTACGGGAGCTGCC-1	L5
CACTACTCAGTTCTGT-1	L1
CACTCAAGAGCTATGG-1	L4
CACTCAGCTCTTGAGG-1	L1
CACTCCTATGTAAGAT-1	L6
CACTCCTCTCGGTCGG-1	L1
CACTCGAGCTGAACAA-1	L4
CACTCGGTTAGGAGGA-1	L5
CACTCTCAAGCATCGA-1	WM
CACTCTTCTGCTAGCC-1	L5
CACTGACGATTGTGGA-1	WM
CACTGTCCAAGTGAGA-1	L3
CACTTAATCAGACGGA-1	L3
CACTTCGCCACAGGCT-1	L3
CACTTCGTCTTATCTC-1	L3
CAGAACTTAGCCCTCT-1	L4
CAGAATAACACACGGA-1	L4
CAGACACCGATCGCTG-1	L5
CAGACCTGTAAGTGTT-1	L2
CAGACGAACCTGATAC-1	L5
CAGAGACGGTCACCCA-1	L5
CAGAGCATGAGCTTGC-1	L3
CAGAGGCGATGCATGA-1	L6
CAGAGTGATTTAACGT-1	L1
CAGATAATGGGCGGGT-1	L5
CAGATACTAACATAGT-1	L3
CAGATCATTTAAAGTC-1	L1
CAGATCCTGGTTTGAA-1	WM
CAGCAGCCCGTTCCTT-1	L3
CAGCAGTCCAGACTAT-1	L3
CAGCAGTCTGTGCTGC-1	L6
CAGCCCTCACAGGCAG-1	L1
CAGCCGGGCCCTCTAT-1	L1
CAGCCTCCTGCAGAGG-1	L2
CAGCCTCTCCTCAAGA-1	L1
CAGCGATTCCCTTCAA-1	L6
CAGCGCCAACACGATA-1	L5
CAGCTCACTGAGACAT-1	L3
CAGCTCGACAAGTTAA-1	L2
CAGCTCGTGCTTGTGT-1	L3
CAGCTGGCGTAACCGT-1	L6
CAGCTTAGTAGGTAGC-1	L4
CAGGAAGACTTTATAT-1	L1
CAGGATATATCGTTGT-1	L4
CAGGATCCGCCCGACC-1	L1
CAGGCAGTCTTACCAG-1	L6
CAGGCCGTTTGGGTGT-1	L4
CAGGCGCACGGTGGTC-1	WM
CAGGCGCCATGCTAGG-1	L4
CAGGTTTAGTACTACA-1	L1
CAGTAACTATTTATTG-1	L1
CAGTAATCCCTCCCAG-1	L3
CAGTACATTCTCTAAA-1	L1
CAGTACCAGTTTACGT-1	L6
CAGTAGATGATGTCCG-1	L3
CAGTAGCCCACGCGGT-1	L2
CAGTAGCGAGGTAGTA-1	L2
CAGTCCAACGCCTTCT-1	L2
CAGTCGAGGATGCAAT-1	L1
CAGTCGGCCTAGATAT-1	L6
CAGTCTCTCGGCTAAT-1	L2
CAGTCTGTATACTGGG-1	L4
CAGTGAATAAATGACT-1	L2
CAGTGGTTGCACATGA-1	L3
CAGTGTCCGCAGAATG-1	L3
CAGTGTCGGCTGGCCC-1	L4
CAGTTCAAATTGACAC-1	L3
CAGTTCCGCGGGTCGA-1	L3
CAGTTCGAGGACCCGA-1	WM
CATAACGGACAGTCGT-1	L3
CATAAGAAGCTTGGCT-1	L5
CATAAGCTCTCCGTCT-1	L6
CATAATGAGCGGGCGA-1	L1
CATACAAAGCCGAACC-1	L3
CATACACGGTTCCCAC-1	L6
CATACCCGTACCCAGT-1	L5
CATACGAACTAGCTGG-1	WM
CATACGGCGTCTGGGC-1	L3
CATACGGGTGCATGAT-1	L3
CATACTATGTAATTGT-1	L4
CATACTTAGGCAATAC-1	L3
CATACTTCTTTCTCCG-1	WM
CATAGAGGAGATACTA-1	L6
CATAGCCGCCCGGGAT-1	L4
CATAGCGTTGCCCACC-1	L6
CATAGTACATTGAGAG-1	L1
CATAGTAGCATAGTAG-1	L3
CATAGTCAAATACATA-1	L5
CATAGTCCACAAGAAC-1	L5
CATATACTACTGATAA-1	L1
CATATAGGTACAGTCA-1	L5
CATATGTCAGGCTACG-1	L6
CATATTATTTGCCCTA-1	L1
CATCAAACTGGCGCCC-1	L1
CATCAACACCTACTAA-1	L3
CATCATCTACCCGGAC-1	L1
CATCATTACCCTGAGG-1	L4
CATCCCGAGATTCATA-1	L5
CATCCGCAGGCCCGAA-1	L3
CATCCTCTCAAAGATC-1	L4
CATCGAATGGATCTCT-1	L2
CATCGCCCGCGGCCAA-1	L3
CATCGGACGGGTTAAT-1	L4
CATCGTCCGGTTACTA-1	L4
CATCTACCCGAGAACG-1	L2
CATCTATCCCGTGTCT-1	L1
CATCTGCAGGATCATT-1	L5
CATCTTACACCACCTC-1	L3
CATGAACCGACATTTG-1	L3
CATGAACCTCTTATCA-1	L1
CATGACTTCGCTGAAT-1	L3
CATGAGATGCACTCTC-1	L5
CATGATACGGTGAAAC-1	WM
CATGATCGCTTTGAGA-1	L5
CATGATGCACAATTCT-1	L3
CATGATGGAAGTTAGC-1	L3
CATGCACGTGTTACTG-1	L1
CATGCATGGAGACCCT-1	L1
CATGCCAACTCGCAAA-1	L6
CATGCGACCAGTTTAA-1	L1
CATGCGTTAGACAGAA-1	L2
CATGCTGGCTCCAATT-1	L1
CATGGAAATGGGACCA-1	L1
CATGGATTGTCTTCCG-1	L4
CATGGCAGGAAGATCG-1	L3
CATGGCTCCCTATGTC-1	L5
CATGGGTATGCCTTAT-1	L5
CATGGGTCGGGTGTGG-1	L1
CATGGTAAGTAGCGTT-1	L4
CATGGTCTAGATACCG-1	L3
CATGGTTTATTAATCA-1	L6
CATGTAAGAGACATTT-1	L4
CATGTAGGAGCGCCAA-1	L1
CATGTCTCATTTATGG-1	L4
CATGTGGGCTCATCAC-1	L6
CATTACATAGATTGTG-1	L1
CATTACGCAGGAAGGG-1	L6
CATTACGTCGGCCCGT-1	L2
CATTATAACAGGGTCC-1	L1
CATTATCCCATTAACG-1	WM
CATTATGCTTGTTGTG-1	L3
CATTCACTGACAGCTA-1	L1
CATTCAGGTCAGTGCG-1	L2
CATTCCCATTCCGTCG-1	L1
CATTCCCTAAGTACAA-1	L3
CATTGATGAACACGCC-1	L1
CATTGCAAAGCATAAT-1	L1
CATTGCGAAATGGGCG-1	L5
CATTGCGGGTCAATTC-1	L1
CATTGTGTGCTAGATC-1	L3
CATTTAGCGGACCATG-1	L2
CATTTATCGTTCAAGA-1	L1
CATTTCTAGCAGACTA-1	L3
CATTTGAGTGGTACGT-1	L5
CCAAACAGAACCCTCG-1	L3
CCAAAGCAGTTGGTTG-1	L3
CCAAAGTCCCGCTAAC-1	L1
CCAAATAACAAGATTC-1	L3
CCAACCTTATGTAACT-1	WM
CCAACGATGCACTGAT-1	L4
CCAACGCTTGCCAGGG-1	L1
CCAAGAAAGTGGGCGA-1	L5
CCAAGACTTCTGCGAA-1	L3
CCAAGCGTAACTCGTA-1	L3
CCAAGCTTGATCTCCT-1	L1
CCAAGGAACAGAGAGG-1	L3
CCAAGGTTGCCCTTTC-1	L6
CCAAGTTTCTACAGAT-1	L3
CCAATAGATTTCATCT-1	L5
CCAATAGTGCCGTCGA-1	L4
CCAATCGGTAGATCGA-1	L1
CCAATGTCACAGCAAG-1	L4
CCAATTACGGGTCGAG-1	L1
CCAATTGAATGTTAAT-1	L3
CCACAATGTACGTCTT-1	L3
CCACACTGAGATATTA-1	L4
CCACAGCTGAAATCAT-1	L3
CCACAGTACCCATCCT-1	L3
CCACATACTGCACCCA-1	L3
CCACCAACTTTACTGT-1	L6
CCACCCAAGGAAAGTG-1	L3
CCACGAATTTAACCTC-1	L3
CCACGAGAAGAGAATC-1	L1
CCACGGAGCCATAAGA-1	L6
CCACGGTGCCCGGTAG-1	L3
CCACTAAACTGAATCG-1	L2
CCACTATCCGGGTCAC-1	L1
CCACTCAGATCCGCAA-1	L6
CCACTGGTGGCTGGTT-1	L5
CCACTGTTTGGATTAA-1	L4
CCAGAAACTGATGCGA-1	L5
CCAGAAAGCAACTCAT-1	L6
CCAGAGACAAAGCCGG-1	L3
CCAGATAGTTGAGTGA-1	L3
CCAGATGTAAATGGGT-1	L1
CCAGCCTGGACCAATA-1	L3
CCAGCTACGCCTCATA-1	L3
CCAGCTCGAACGCATT-1	L6
CCAGCTGATGGTACTT-1	L5
CCAGCTTCCGCCCGCA-1	L4
CCAGGGACGTGGCCTC-1	L3
CCAGTAGTCTGATCCA-1	L2
CCAGTCAAATCTCTTA-1	L6
CCAGTCCATTATTCGA-1	L3
CCAGTCTAGACGGCGC-1	L2
CCAGTCTTGTCATAGA-1	L6
CCAGTTCGGTAACTCA-1	L6
CCATAAACAACCCGAC-1	L1
CCATACCTTTACTTGT-1	L2
CCATACTCGCCTCTCC-1	L5
CCATAGGTTGGCGTGG-1	L2
CCATAGTCAGTAACCC-1	L3
CCATATGGAAACTATA-1	L4
CCATATTGGATCATGA-1	L3
CCATCATAAGAACAGG-1	L3
CCATCCATACCAAGTC-1	L3
CCATCGCAGTTAAACT-1	L5
CCATCTCACCAGTGAA-1	L3
CCATCTTGTTCACAAT-1	L2
CCATGCCCTAGATTTC-1	L4
CCATGCCTGTTTAGTA-1	L3
CCATGCTCTGCAGGAA-1	L3
CCATGGCCCTTGTACC-1	L5
CCATTAGCGATAATCC-1	L3
CCATTCCCTGCCCACA-1	L4
CCATTTCTACCTATTA-1	L5
CCCAAACATGCTGCTC-1	L3
CCCAACATACGTCGCG-1	L5
CCCAACCACACTAACA-1	L1
CCCAAGAATGCACGGT-1	L1
CCCAAGACAGAGTATG-1	L1
CCCAAGTCATTACACT-1	L6
CCCAATGAGATTTGCA-1	WM
CCCAATTTCACAACTT-1	L5
CCCAGAGGAGGGCGTA-1	L1
CCCAGGAAGAATTCGA-1	WM
CCCAGGTCTGAAGGCT-1	L3
CCCAGTAAACTTGGGA-1	WM
CCCAGTTAAGGCGCCG-1	L3
CCCATATAGGTCGATT-1	L5
CCCGAAGTTTCGCGAA-1	L6
CCCGACCATAGTCCGC-1	L2
CCCGAGTTTCTCCGTA-1	L3
CCCGCAGCGCGAACTA-1	L5
CCCGCAGGGCCCAAAG-1	L1
CCCGCCATGCTCCCGT-1	L3
CCCGCGCAATGCACCC-1	L3
CCCGCTAGAGGGTTAA-1	L1
CCCGCTTGCCCTCGTC-1	L1
CCCGGGTCGTTCAGGG-1	WM
CCCGGTGGAAGAACCT-1	L4
CCCGGTGTATCGGAAT-1	WM
CCCGTAAGTCTAGGCC-1	L5
CCCGTAGCTGGGAAGA-1	L6
CCCGTCAGCGTCTGAC-1	L3
CCCGTGAGGGCGGTGA-1	L6
CCCGTTTCGCAGATGT-1	L3
CCCTACCCACACCCAG-1	L6
CCCTACTTGAACAATG-1	L6
CCCTAGTGTCAGGTGT-1	L3
CCCTATGTAGAGCAGA-1	WM
CCCTCAAGCTCTTAGT-1	L4
CCCTCATTCTGGAATT-1	L3
CCCTCCTCGCTCGTAT-1	L3
CCCTCGATAATACACA-1	WM
CCCTCGGGAGCCTTGT-1	L1
CCCTGAAATGAGTTGA-1	L3
CCCTGACTAACAAATT-1	L5
CCCTGATGTAACTCGT-1	L3
CCCTGCCCAATCCGCT-1	L5
CCCTGCGCTACGCATA-1	L5
CCCTGGTATGGGCGGC-1	L1
CCCTGTTGGCAAAGAC-1	L3
CCCTTCTCGTACGCGA-1	L1
CCCTTTAATGGAGTTC-1	L5
CCCTTTGACAGGTCTT-1	L5
CCGAAAGTGGTGAGCA-1	L3
CCGAACACTGGGCCTC-1	L6
CCGAACCTTCCCGGCC-1	L5
CCGAAGTATATTGTTC-1	L3
CCGACAAACACATGAG-1	L3
CCGACAAAGGGAGTGC-1	L5
CCGACAATAGGCCGCC-1	L4
CCGACGGGCATGAGGT-1	WM
CCGACGTAAACACAAC-1	L1
CCGACTCGCATAGTCT-1	L1
CCGAGAAGTCGCATAA-1	L3
CCGAGCTGTGCTTGTC-1	L1
CCGAGGGATGTTAGGC-1	L1
CCGATCTCAACCTTAT-1	L3
CCGATCTTAAGAGGCT-1	L2
CCGATTCGAGGGACCC-1	L5
CCGATTGGTCAATGAA-1	L2
CCGCACAAAGACCAAC-1	L3
CCGCACGTGACCTCGG-1	L4
CCGCACTTGCAATGAC-1	L6
CCGCATGTGGTACGAT-1	L5
CCGCCACCACAATCCA-1	L1
CCGCCGGTCAACACAC-1	L2
CCGCCGTTGAGGATAA-1	L3
CCGCCTGCGAATTGGT-1	L1
CCGCCTTGCGATGTCG-1	L6
CCGCGATTTGGTAGGT-1	L5
CCGCGGAATGCGTCAC-1	L5
CCGCGGGTACGAAGAA-1	L4
CCGCGTAGGTAAGGGC-1	L4
CCGCTATCAGCACCAG-1	L4
CCGCTCCAGGGCGATC-1	WM
CCGCTCTTCCGAACTA-1	L5
CCGCTGGTGCCATTCA-1	L1
CCGCTTACCTCACTCT-1	L5
CCGCTTCGCGGTTAAC-1	L1
CCGCTTGCTGACATGG-1	L1
CCGGAATGGTTTCAGT-1	L3
CCGGAGCGTACTTTCT-1	L6
CCGGAGGTCTTATGGT-1	L1
CCGGCACGACCGTTTC-1	L2
CCGGCGCATATTGGAT-1	L2
CCGGCGTGAGACTCTG-1	L6
CCGGGACCCGCAGAGA-1	L3
CCGGGCGGTCTCGTCA-1	L3
CCGGGCTGCTCCATAC-1	L3
CCGGGTTCGAGGTTAC-1	L5
CCGGTAATGGCTAGTC-1	L3
CCGGTTTGTAATTGTG-1	L6
CCGTAAGTTGGTCCCA-1	L3
CCGTACCCAAGCGCCA-1	L3
CCGTAGGAAATCCCTG-1	L5
CCGTAGGGTTGTTTAC-1	L5
CCGTATCTCGTCGTAG-1	WM
CCGTATTAGCGCAGTT-1	L1
CCGTGAGGCATTCATG-1	L2
CCGTGCCCATGACGGC-1	L2
CCGTGGAACGATCCAA-1	L1
CCGTGTTAAATTCCAT-1	L5
CCGTTACGTTAGAACA-1	L1
CCGTTCCGAATCTCGG-1	L5
CCTAAACAGGGTCCGT-1	L1
CCTAAAGGCTGACGCT-1	L1
CCTAAATTAACGGTTC-1	L4
CCTAAATTGTATCCTA-1	L3
CCTAACCCAAACAAGT-1	L4
CCTAACTAAGGCTCTA-1	L1
CCTAAGTGTCTAACCG-1	L1
CCTACAAGTCCGGAAT-1	L1
CCTACAGTTGAGGGAG-1	WM
CCTACATTCACAGACG-1	L6
CCTACGCGACCTTACA-1	L1
CCTACGGCTCAGTCGA-1	L3
CCTACTCAACACGATT-1	L5
CCTACTGCGGCGGCCA-1	L1
CCTACTGCTTACACTT-1	L3
CCTAGGCGTAGCGATC-1	L3
CCTAGGTAAAGGTAGC-1	WM
CCTAGTTAGTCGCATG-1	L1
CCTATAATGAGTGCCC-1	L5
CCTATACCGTCCTGTC-1	L6
CCTATATTTGTCCTGG-1	L6
CCTATCTATATCGGAA-1	L1
CCTATGAAGTGGTGCC-1	L3
CCTATGGCTCCTAGTG-1	WM
CCTATGGGTTACCGTC-1	L3
CCTATGGTCAAAGCTG-1	L6
CCTATGTCCACTCCAC-1	L5
CCTCACCAATCTTGAC-1	L3
CCTCACCTGAGGGAGC-1	L1
CCTCACCTTAGCATCG-1	L2
CCTCATGCAGCTACGA-1	L3
CCTCCCGACAATCCCT-1	L1
CCTCCGACAATTCAAG-1	L4
CCTCCTGAGCCCACAT-1	L5
CCTCCTGTTGTGTCGT-1	L5
CCTCGAAGTGGACGGG-1	L1
CCTCGACCCACTGCCT-1	L1
CCTCGCCAGCAAATTA-1	L2
CCTCGCGCGATATAGG-1	L1
CCTCGCGCTGTGCGAT-1	L6
CCTCGGACCGGGATAG-1	L3
CCTCGGATGCTACCTG-1	L5
CCTCGGTTTCCTTGCC-1	WM
CCTCGTTACGCCTGTT-1	L2
CCTCTAATCTGCCAAG-1	L3
CCTCTATCGATTAGCA-1	L6
CCTCTCTCCCATCTAG-1	L4
CCTCTGGCCTAGACGG-1	L1
CCTCTGTACTATTCTA-1	L5
CCTGAACGATATATTC-1	L3
CCTGAATATTTACATA-1	L3
CCTGACAAACTCGCGC-1	L4
CCTGACCACCGATGGT-1	L4
CCTGACGCAACCTTTA-1	L1
CCTGAGAATAAATGCA-1	WM
CCTGCCCGTTGTCTAG-1	L5
CCTGCGATAGAACTGT-1	L3
CCTGCGTTCTACGCTT-1	L5
CCTGCTATTTGAGAAG-1	L3
CCTGGAAACGTTCTGC-1	L3
CCTGGCTAGACCCGCC-1	L3
CCTGGTCGAATGTGGG-1	L6
CCTGTAAGACATGATA-1	L4
CCTGTACTCACGCCCA-1	L5
CCTGTCACCCGGGCTC-1	L3
CCTGTCCCTCACGTTA-1	L2
CCTGTCGCCCGTAAAT-1	L3
CCTGTGAAACCGTAAC-1	L5
CCTGTGCATAGGAGAC-1	L2
CCTGTGCGGATTGTAA-1	L2
CCTGTTCAACCTCGGG-1	WM
CCTGTTTGAAGACACG-1	L5
CCTTAAGTACGCAATT-1	L6
CCTTCAGTTAAAGTGA-1	WM
CCTTCGTATAGAATCC-1	WM
CCTTCTCAGCGTTCCT-1	L6
CCTTCTTGATCCAGTG-1	L2
CCTTGACCACTTTATT-1	L4
CCTTTAAGGGAGCACT-1	L6
CCTTTCAATGAAGAAA-1	L1
CGAAACATAGATGGCA-1	L1
CGAAACGCAATTCATG-1	L5
CGAACAGTATGGGCGT-1	L4
CGAACATAGTCAGAAA-1	L2
CGAACCCGCATGCGTC-1	L5
CGAACGCCCAGTGCCG-1	L1
CGAACGGCCGGACAAC-1	L6
CGAAGACGGTGAGTGC-1	L5
CGAAGACTGCCCGGGA-1	L1
CGAAGATCAGTTTCAT-1	WM
CGAAGCTATAAATTCA-1	L1
CGAAGTTGCTCTGTGT-1	L4
CGAATCTGCTCGACGC-1	WM
CGAATGACGCATAATG-1	L6
CGAATTACATGGTGTT-1	L2
CGACAATTTGATCTAA-1	L3
CGACACCGCTTAAGGA-1	L2
CGACACGCTCCGACAG-1	L3
CGACACGGATGCCCAC-1	L3
CGACAGTTCGCGTTAT-1	L4
CGACATGCGATCTTCT-1	L1
CGACCCTTAACGCCGG-1	L6
CGACGCATCCGTACCT-1	WM
CGACTCAGGATGTTAT-1	L1
CGACTCGGTACACGGT-1	L2
CGACTTTGTATAGCCT-1	L2
CGAGACCCTAGAGTGT-1	L4
CGAGACTACTGCTGCT-1	L6
CGAGAGATGTGAACCT-1	L3
CGAGAGCGCGTAGATA-1	L6
CGAGAGCTTTCACTAC-1	L5
CGAGAGGGTAGCCGCG-1	L4
CGAGATGTTGCCTATA-1	L1
CGAGATTTCGCTCGGG-1	L3
CGAGCACTTCAAGTTT-1	L3
CGAGCCGAGCACTCGA-1	L3
CGAGCGTTGATCAGCC-1	L3
CGAGCTGGGCTTTAGG-1	L2
CGAGGAGCTTCCATAT-1	L1
CGAGGATCGGGAACGA-1	L1
CGAGGCCAGGCATTGG-1	L3
CGAGGCTAAATATGGC-1	L3
CGAGGGACTGCGGTCG-1	L3
CGAGGGTATCCAGGTG-1	L6
CGAGTACTAAAGAGGA-1	L5
CGAGTGAAGGTACCAG-1	WM
CGAGTGCTATAGTTCG-1	L3
CGAGTTCTGTCCCACC-1	L2
CGAGTTTATCGGACTG-1	L3
CGATAACCAATTTGAG-1	L3
CGATAATACTCAGGTT-1	L3
CGATACCTCGCGGACA-1	L4
CGATAGTCGTACTGCA-1	L6
CGATATTAGCCGCAGG-1	L2
CGATCATTAGAGGCAC-1	L1
CGATCCACCATTGTTG-1	WM
CGATCCGACCCAGTGC-1	L4
CGATCCTCGCAACATA-1	WM
CGATCGAGAAGCACCA-1	WM
CGATCTGTTGGAGGAC-1	L6
CGATGGACCCTACGCC-1	L1
CGATTAAATATCTCCT-1	L5
CGATTCGCCTGGCTGC-1	L5
CGCAAACACGAGTTAC-1	L3
CGCAATCGATCATTAG-1	L5
CGCAATTACTTTCGGT-1	L3
CGCAATTAGGGTAATA-1	L3
CGCAATTCTACAATAA-1	L3
CGCACATGTCCACTAC-1	L3
CGCACGTCTGTTTATG-1	WM
CGCACGTGCGCTATCA-1	L3
CGCAGAAACATTTGCG-1	L1
CGCAGATCTTCACCCG-1	L1
CGCAGGCGATCCAAAC-1	L4
CGCATCATGGCTTCAG-1	L1
CGCATCCATCAGCCAG-1	L1
CGCATGCCGAATGCGT-1	L6
CGCATGGTGCGATGCT-1	L3
CGCATTAGCTAATAGG-1	L3
CGCCAAGAAGCCGAGT-1	L5
CGCCACAGGTCGCGAT-1	WM
CGCCACCCGCATTAAC-1	L3
CGCCATCCGATTATGA-1	L2
CGCCCAGCACGCCTAG-1	L6
CGCCCAGCGTTTCACG-1	L5
CGCCCGCTTCCGTACA-1	L1
CGCCCTTACATCCACC-1	L2
CGCCCTTGAAGGCTGA-1	L3
CGCCGACTATTCGCTA-1	L5
CGCCGCCCATGCCTGT-1	L3
CGCCGCGTTCTGAACG-1	WM
CGCCGGTGTCGCAGTA-1	L3
CGCCGTTCAGCATAGT-1	L5
CGCCTCCCTCCTCTAT-1	L4
CGCCTGGCCTACGTAA-1	L5
CGCCTTTAGCATGCTC-1	L3
CGCGAAGTGGCATACT-1	L5
CGCGACACTGCGCAGC-1	L4
CGCGACCGCGACAGAT-1	L5
CGCGAGAGGGACTTGT-1	L1
CGCGAGTCTGCCGGGT-1	WM
CGCGCAAATGTCCAGA-1	WM
CGCGCAAGGAACTACA-1	L2
CGCGCATGTTTGATTG-1	L5
CGCGCCCGACTTAATA-1	L2
CGCGGCAGTATTACGG-1	L3
CGCGGCTCAACTTGAA-1	L3
CGCGGGAATTAGGCAG-1	L3
CGCGGGAATTCCTTTC-1	L6
CGCGGTAAGTCTAGCT-1	L1
CGCGGTACGGTATACA-1	L5
CGCGGTCACAAACCAA-1	L1
CGCGTACATTCTGGAA-1	L3
CGCGTCATATTAAACC-1	L1
CGCGTGCTATCAACGA-1	L1
CGCGTTCATGAAATAC-1	L3
CGCTACCGCCCTATGA-1	L1
CGCTACGGGACATTTA-1	L4
CGCTAGAGACCGCTGC-1	L3
CGCTATACCGCCCACT-1	L3
CGCTATCGTGGCTTTA-1	L3
CGCTATTCAATGTATG-1	L3
CGCTATTCTTAGGCTC-1	L3
CGCTCGACATAATGAT-1	L3
CGCTCTCCGTAGATTA-1	L4
CGCTGAGGACGTCCAA-1	L1
CGCTGGTGACTACCCT-1	L3
CGCTGTGACGCCGCAC-1	L3
CGCTGTGTGGATGTTG-1	WM
CGCTTAGTATTGATAC-1	WM
CGCTTATTCCCGGTCG-1	L5
CGCTTCCACTGAAATC-1	L3
CGCTTCGGTCTAAGAC-1	L5
CGCTTGGACGGATAGA-1	L5
CGCTTTCATACCGGTG-1	L3
CGCTTTCCGCCAAGGT-1	L6
CGCTTTCTTGCATTCG-1	L3
CGGAAAGAATCAAACG-1	L6
CGGAAAGCAAATGTGC-1	L3
CGGAAATTTCACATCC-1	L1
CGGAACGTAAACATAG-1	L5
CGGACCTTTACGTCCC-1	WM
CGGACGTTACTTGAAG-1	L6
CGGAGCAATTTAATCG-1	L5
CGGAGCATGGCGATCC-1	L3
CGGAGCTTATAACACC-1	L1
CGGAGTCCTAACCTGG-1	L3
CGGAGTTTGAGAGACA-1	L4
CGGATAAGCGGACATG-1	L3
CGGATCCTCAAGGACT-1	L5
CGGCAAACATCGTGCG-1	L5
CGGCAATAAGATCGCC-1	L4
CGGCACCGTTAGCGCC-1	L1
CGGCACTCAAGAAAGT-1	L3
CGGCAGGGTCGGGTTG-1	L3
CGGCCACGCACAAAGT-1	L3
CGGCCAGAGCGACCAT-1	WM
CGGCCCAACCTGTAGT-1	L1
CGGCCCAGGTATATCC-1	L3
CGGCGCCATCAATCCC-1	L5
CGGCTCTAAAGCTGCA-1	L3
CGGCTCTTCGTCGAAC-1	L1
CGGCTGAAGGTTACGC-1	L3
CGGCTGCAAGATTAAG-1	L1
CGGCTTTGTATGATAA-1	L1
CGGGAATATAGTATAC-1	L3
CGGGAATTTATGTAAA-1	L4
CGGGAGCTTCAGTGTA-1	L4
CGGGAGTATACCGCCG-1	L3
CGGGATCAATGTAAGA-1	L3
CGGGCAGCTAAACCGC-1	L3
CGGGCCATAGCCGCAC-1	L3
CGGGCCTTCTTTGTAA-1	L4
CGGGCGATGGATCACG-1	L6
CGGGCTACTTAAATTG-1	L3
CGGGTGTACCCATTTA-1	L3
CGGGTTCGGCACGTAT-1	L2
CGGGTTGTAGCTTTGG-1	L2
CGGGTTTGTTAGGGCT-1	L4
CGGTACTAGAATCAAA-1	L3
CGGTAGAGGTGCAGGT-1	L1
CGGTATAGGTATTAGC-1	L1
CGGTATGGGCACTCTG-1	WM
CGGTCAAGTGGGAACC-1	L3
CGGTCCATGAGACTCC-1	L1
CGGTCCGTCGCAAGCC-1	WM
CGGTCTATCAACCCGT-1	L1
CGGTGAAGACTAAAGT-1	L5
CGGTGCAGATAGAACG-1	L5
CGGTGCGCGTTGGTCC-1	L5
CGGTGGGCTCCAGCCT-1	L1
CGGTGTACTTGATCCC-1	L3
CGGTTATCCAACAGTG-1	L2
CGGTTCAAGTAGGTGT-1	L1
CGGTTCCGGCTTCTTG-1	L3
CGGTTGACCTGGCATA-1	L5
CGGTTGAGTATCCTTC-1	WM
CGGTTGGGCAGGGTCC-1	WM
CGGTTGGGTTCAAGTT-1	L1
CGGTTTATGAAGGAAC-1	L1
CGTAAACGCTTGAGTG-1	L3
CGTAACGGAACGATCA-1	L3
CGTAACTTCGACACTT-1	WM
CGTAATAATTACGAGT-1	L3
CGTACCGAAAGTCTAG-1	L3
CGTACCTGATAGGCCT-1	L3
CGTAGAGAGTAATTAT-1	L6
CGTAGCGAATTGTCAG-1	L1
CGTAGCGCCGACGTTG-1	L1
CGTATTAAGAGATCTA-1	L3
CGTCAAATGGTCGCAG-1	L1
CGTCAAGGCTATAAAT-1	L5
CGTCAATCTTTAACAT-1	L3
CGTCACGTCCATTGGT-1	L5
CGTCAGCTATTTACTC-1	L3
CGTCAGTGCGCACAAG-1	L2
CGTCAGTTTATCGTCT-1	L1
CGTCATACCATATCCA-1	L3
CGTCCAGATGGCTCCA-1	L3
CGTCGCATGTGAGCCA-1	L6
CGTCGCGGCGGGATTT-1	L3
CGTCGCTTGGTTATAC-1	WM
CGTCGGATAGTGTTGA-1	L3
CGTCGGGTCTAAGCGC-1	WM
CGTCGTCCTTCGCGAA-1	L5
CGTCTCTCGCCGAGGC-1	L3
CGTCTGGAAGGGCCCG-1	L2
CGTCTTGAGTGTGACG-1	-1
CGTGAAGTTAATTCAC-1	L4
CGTGACATTGGGTCGT-1	L1
CGTGACCAGTCCTCTG-1	L6
CGTGCACACCACTGTA-1	L6
CGTGCAGACTGGGACA-1	L3
CGTGCATTGTCGACGC-1	L5
CGTGCCCGACATTTGT-1	L1
CGTGCCCTCCCGAAGA-1	L3
CGTGCTGGCCTAGTCG-1	L3
CGTGCTTCTACCTAAA-1	WM
CGTGGCCGAATATCTA-1	L3
CGTGGTACCCAAAGGC-1	WM
CGTGTATGGGAGCTGA-1	L5
CGTGTCCCATTCGCGA-1	L3
CGTGTCTCGTTACGAC-1	WM
CGTGTGTTAAACCCTG-1	L1
CGTTAAACTAGTTAGG-1	L3
CGTTAATGTCCCGACG-1	L5
CGTTAGCTCACAACTG-1	L1
CGTTCAAGGAAACGGA-1	WM
CGTTCAGACCCGCGAA-1	L6
CGTTCATGGTGCGCGT-1	L6
CGTTCTTCGCACACCT-1	L1
CGTTGAATACCGCGCT-1	L5
CGTTGAGCGACCGTCG-1	L4
CGTTGAGTAATTGCGT-1	L1
CGTTGCCCGCGTGGGA-1	WM
CGTTGTAAACGTCAGG-1	L3
CGTTGTAAGATTGATT-1	L1
CGTTGTCGGCAATTGA-1	L6
CGTTGTTTCAATTCCC-1	L4
CGTTTAAGCGGAGCAC-1	L1
CGTTTACAAGGCAGCT-1	L1
CGTTTCACTTCGGGCG-1	L1
CGTTTCGCTCATTACA-1	L4
CGTTTGTGTAGAGGGT-1	L6
CTAAACGGGTGTAATC-1	L1
CTAAAGAATGCCTACT-1	L4
CTAAAGGGAAATAGGA-1	L4
CTAAAGTCCGAAGCTA-1	L2
CTAAATCCGGTGTACA-1	WM
CTAAATCCTATTCCGG-1	L2
CTAACCGCGCGCCCGT-1	L5
CTAACGAAACTTGCTG-1	L2
CTAACTGATAATCGCC-1	L5
CTAACTGGTCCGGTTC-1	L6
CTAAGGGAATGATTGG-1	L4
CTAAGTACAGGGCTAC-1	L1
CTAATTATGAAGCGTA-1	L2
CTAATTCGCACGCGCT-1	L3
CTAATTCTCAGATATT-1	L1
CTAATTTCAACAACAC-1	L3
CTACAAGAAATAACCC-1	WM
CTACACTAGCTTGTTC-1	L1
CTACACTCGCAGATGG-1	L4
CTACCCTAAGGTCATA-1	L3
CTACGAACTAGGTCGA-1	L1
CTACGACTAGCTATAA-1	L5
CTACGCACGGAGTACC-1	L3
CTACGCCATTTCCGAT-1	L1
CTACGTGTTGCCACCA-1	L2
CTACTATCATAGGTTT-1	WM
CTACTATCTTTCAGAG-1	L2
CTACTCAAGGTATAGT-1	WM
CTACTCTAGGCCCGGC-1	L4
CTACTGCCACCTGACC-1	L3
CTAGACATATATGTAG-1	L2
CTAGACTGCATTTCGT-1	L1
CTAGATAAACTCCTCG-1	L3
CTAGATGTGAGTGTAA-1	L2
CTAGATTTACGACGGC-1	L3
CTAGCAACTAATTTAC-1	L1
CTAGCATAGTATAATG-1	L3
CTAGCCACAGGCGAGC-1	L4
CTAGCCGATGTTATGA-1	L1
CTAGCGCCAATCCTAC-1	L3
CTAGGCGCCCTATCAG-1	L4
CTAGGCGGCAGAGAAT-1	L1
CTAGGGATAGGGACAA-1	WM
CTAGGTCTGAAGGAAT-1	L3
CTAGGTTCGGACGTGA-1	L5
CTAGTAGAAAGGGATT-1	L6
CTAGTATTCGGAATTA-1	L1
CTAGTCACGTCTTAAG-1	L3
CTAGTGAAGGACAGGA-1	L4
CTAGTTACAACCCGGT-1	L5
CTAGTTGGGCCCGGTA-1	L3
CTATAAGAGCCAATCG-1	L1
CTATAGGCGTTGATGT-1	WM
CTATATCCAGCCTGGC-1	WM
CTATCACAACGCTGGA-1	L6
CTATCGACGAAATACA-1	L4
CTATCGCGTAGAGAAC-1	L4
CTATCGGGTCTCAACA-1	L3
CTATGCCCGAATGCAA-1	L6
CTATGGGAAGCGGAAT-1	L4
CTATGTCACTAGCCCA-1	L3
CTATGTCTATTGAAAC-1	L1
CTATGTGAGTCACGGC-1	L6
CTATTCATGTGTCCCA-1	L5
CTATTGTGTTTGGTCA-1	L1
CTATTTGCTTGGAGGA-1	WM
CTATTTGGTTACGGAT-1	L3
CTCAAACCACTGCCCG-1	WM
CTCAACTAACCCGGAT-1	L5
CTCAAGACATTAGCGC-1	L1
CTCACACGCAAGCCTA-1	L1
CTCACATTTACTAAAT-1	L6
CTCACCAGTACAAGTG-1	L5
CTCACCGATCCAAACT-1	L2
CTCACTGTGATACTTA-1	L6
CTCACTTGGCTGGTAA-1	L5
CTCAGAGCTAATGTCG-1	WM
CTCAGATTGTGATAAG-1	L6
CTCAGCAGACTGCCGA-1	L3
CTCAGGACTCACCTGT-1	L3
CTCAGTCACGACAAAT-1	L1
CTCATGGCTCACAATC-1	L1
CTCATGGTAATTTGCG-1	L6
CTCATTCGTGAACATC-1	L5
CTCATTGCTCTAACAA-1	L5
CTCATTTGATGGGCGG-1	L3
CTCCCAATGAGTCGCG-1	L3
CTCCCTCCTTTCGATC-1	L6
CTCCGAGTAAATCCGC-1	L3
CTCCGCCCACATGAGG-1	L5
CTCCGGCCTAATATGC-1	L3
CTCCGGCTTGTAGACA-1	L3
CTCCTAAGTTATGTCT-1	L3
CTCCTCCAGCTCACAC-1	WM
CTCCTGTTCAAGGCAG-1	L3
CTCCTTTACGCAAGTC-1	L1
CTCGAATGGAACGTAT-1	L1
CTCGAGATCCAAAGCA-1	L3
CTCGAGGTCGAACAGT-1	L3
CTCGATATTTGCGAGC-1	L1
CTCGCACCTATATAGT-1	L3
CTCGCCGAATGTAGGG-1	L6
CTCGCTAGGTAAGCGA-1	L6
CTCGGGCATCGTCGGG-1	L1
CTCGGGTTCTCTGGCC-1	WM
CTCGGTACCACTGCTC-1	L3
CTCGGTCCGTAGCCTG-1	L3
CTCGGTTGTCGGCCCT-1	WM
CTCGTCTGTGCCTTCG-1	L6
CTCGTTACGGCTACCA-1	WM
CTCGTTTCTAATGTTT-1	L1
CTCTAATGCATTGATC-1	L1
CTCTACACTGGCGATT-1	L6
CTCTACATCCTGCGTG-1	WM
CTCTAGCCCTCGGAAA-1	L6
CTCTATTTGGCTGCAG-1	L4
CTCTCACAATCGATGA-1	L3
CTCTCGATGTGCGCCT-1	L1
CTCTCGCTGTACTATG-1	L4
CTCTCTAACTGCCTAG-1	WM
CTCTGCGAAGCAAGCA-1	L2
CTCTGGACGCCTGGTG-1	L3
CTCTGTCCATGCACCA-1	L6
CTCTGTGCCTGCTATG-1	L1
CTCTGTTTGAGGATTC-1	L1
CTCTTCTATTGACTGG-1	L3
CTCTTCTGGAAGTTAG-1	WM
CTCTTGTCCCGCTTGG-1	L5
CTGAAACGGCCCTCAG-1	L3
CTGAAAGAGATCCGAC-1	L2
CTGAATCCGAGACCTC-1	L5
CTGAATTTATTGCCAG-1	L1
CTGACTGCGCAGCTCG-1	L2
CTGAGAAAGTTCGGCG-1	L3
CTGAGCAAGTAACAAG-1	L3
CTGATAGTGTATCTCA-1	L5
CTGCAAATGGGCTCCA-1	L1
CTGCAAGCACGTTCCG-1	L5
CTGCACAACTACATAT-1	L4
CTGCACCTAGTCCACA-1	L1
CTGCACCTGGAACCGC-1	L3
CTGCACTCCAGTACAG-1	L5
CTGCAGAGAATCAGAG-1	L5
CTGCCAAGGTTGGAAG-1	L2
CTGCCATGCATCACAT-1	L4
CTGCCCACGAAGCGTT-1	L5
CTGCCTAGCCACCAAG-1	L1
CTGCCTCATATGCAAC-1	L1
CTGCCTTTAATACCTT-1	WM
CTGCCTTTCTAGTAAA-1	L5
CTGCGACCTCGCCGAA-1	L6
CTGCGATTTCGAGATT-1	WM
CTGCGGGTGAAATGTT-1	L4
CTGCGGTAGTCACGTG-1	L1
CTGCGTTACGATATAA-1	L1
CTGCTCTGACGGCAAA-1	WM
CTGCTGAGGCCACGAA-1	L6
CTGCTTGGCGATAGCT-1	L5
CTGCTTTATGTCCGCG-1	L1
CTGGAAATGGATGCTT-1	L3
CTGGAAGACACGGTGG-1	L4
CTGGACGCAGTCCGGC-1	WM
CTGGATTTACACTTGA-1	L5
CTGGCATCCGAATGAG-1	L6
CTGGCGACATAAGTCC-1	L1
CTGGCGCACAGGTCTG-1	L3
CTGGCGGGAATAAGTA-1	L3
CTGGCTCCTGCGGGAT-1	L3
CTGGCTGATTCATCCT-1	L3
CTGGCTGCTAACGTAA-1	L2
CTGGCTGGTTGTCAGT-1	L5
CTGGGATAAATAATGG-1	L3
CTGGGATACGCTACCC-1	L2
CTGGGATCGCCCAGAT-1	L1
CTGGGCACTAGTCGGA-1	L2
CTGGGCCTGCTATATC-1	L5
CTGGGCGGCCAAATGT-1	L1
CTGGGCTATCCTTTGG-1	L2
CTGGGTAGGCAGTTAA-1	L3
CTGGTAAAGACTTACA-1	L6
CTGGTAAAGTGTGGGC-1	L5
CTGGTAACACATAGAA-1	L3
CTGGTAACGAGCTCTT-1	L2
CTGGTCATTCCAATCC-1	L4
CTGGTCCTAACTTGGC-1	L1
CTGGTTCAACGCATCA-1	L2
CTGGTTTCGAGCAAGA-1	L3
CTGTACTTCTTAGCAT-1	L4
CTGTAGCCATCTCACT-1	L6
CTGTAGTGAGGATCGA-1	WM
CTGTATGGTGTAGAAA-1	L3
CTGTCAAATGGCTCGG-1	L2
CTGTCACGCCAGGCGC-1	L1
CTGTGCAGGGTAGGTC-1	L4
CTGTGGTCGGGAGATA-1	L4
CTGTTACCCAATCTAG-1	L5
CTGTTCACTGCCTGTG-1	L3
CTGTTCATCTCACGGG-1	L3
CTGTTGGCTCTTCTGA-1	L4
CTTAAATAAGACCCAT-1	L4
CTTAACTTCGAAGTAC-1	L1
CTTACACGGTATTCCA-1	L3
CTTACACTGGGAAATA-1	L3
CTTACATAGATTTCTT-1	L6
CTTAGATGTTTCATCC-1	WM
CTTAGCCCGGATAGTG-1	L5
CTTAGCCTTCCACATG-1	L2
CTTAGTAGGCCTACAG-1	L2
CTTAGTGTAGTAGCAT-1	L5
CTTAGTTGAGGAATCG-1	WM
CTTATGCGCTCAGGGC-1	L6
CTTATGTTGACTACCA-1	L3
CTTCAACTCCACTTGG-1	L5
CTTCAGTGGTCGCCTA-1	WM
CTTCAGTTGGACAACG-1	L6
CTTCATAGCTCAAGAA-1	L3
CTTCATCACCAGGGCT-1	L6
CTTCATTGTCAGTGGA-1	L3
CTTCCGCTCCGTGAAG-1	L6
CTTCCTGCATATTTAC-1	L2
CTTCGATTGCGCAAGC-1	L6
CTTCGGCCAATTGTTT-1	L3
CTTCGTAGATAGGTGA-1	L4
CTTCGTGCCCGCATCG-1	L1
CTTCTATGTTGAAGTA-1	L6
CTTCTATTAATGCTAG-1	L5
CTTCTGGGCGTACCTA-1	WM
CTTCTTACGTCGTATA-1	L2
CTTGACCCGAAAGATA-1	L1
CTTGAGGTTATCCCGA-1	L3
CTTGAGTTAGGGTAAT-1	L3
CTTGATGACCATCCAG-1	L6
CTTGCAACCGCCTCCT-1	L5
CTTGCCCACCCACGCA-1	L6
CTTGCCCAGGCTCTAC-1	L5
CTTGGCCAAGCTGGGA-1	L6
CTTGTACTTGTTGACT-1	L3
CTTGTCAACATTCGAG-1	L5
CTTGTCGTACGTGTCA-1	L1
CTTGTGAGGACAGCGG-1	L3
CTTGTGAGTCTTTGAC-1	L3
CTTGTGCTCACCGATT-1	L1
CTTGTTGCTGAGTCAA-1	L3
CTTGTTTATGTAGCCA-1	L3
CTTTAACTTTCAAAGG-1	L3
CTTTAATATTGGTCGA-1	L5
CTTTACCGAATAGTAG-1	L4
CTTTAGGAACACTGTT-1	L3
CTTTAGTGCTATTATT-1	L4
CTTTCTGTGCGGGCTT-1	L5
CTTTGAAACATATTCC-1	L2
CTTTGCATCGCTCTTG-1	L5
CTTTGGCAGACAGAGT-1	L2
CTTTGGCGCTTTATAC-1	L5
CTTTGGCTTTAGTAAA-1	L4
CTTTGGGATTGTTGCA-1	WM
GAAACAGATGACCACC-1	L3
GAAACAGCCATGCAGT-1	L1
GAAACATAGGAAACAG-1	WM
GAAACCATGGTGCGCT-1	L1
GAAACCGAATTACCTT-1	L5
GAAACCTATACAAATG-1	L6
GAAACTCGTGCGATGC-1	L4
GAAACTCTAATGAAGG-1	L1
GAAAGAACAGCGTTAT-1	L3
GAAAGCAGTGCACTTT-1	L6
GAAAGCCCTTTGGACC-1	L5
GAAAGTGACTAACTGC-1	L3
GAAATACCTGCTGGCT-1	L1
GAAATACTAAACGTTT-1	L3
GAAATATCACCATCAG-1	L5
GAAATATGCTTGAATG-1	L1
GAAATCGCGCGCAACT-1	L2
GAAATCTGACCAAGTT-1	L4
GAAATGGCGGTGTTAG-1	L3
GAAATGGGATGTAAAC-1	L3
GAAATTAGCACGGATA-1	L1
GAAATTCACATCGCTG-1	L3
GAAATTGTCTCTATAA-1	L5
GAACAACTGGGATGAA-1	L6
GAACACACATCAACCA-1	L3
GAACAGATTACTAAAT-1	L5
GAACATTAGTATGTTA-1	L1
GAACCATCTGGGAGAC-1	L1
GAACCCTCTGTGTTCT-1	L6
GAACCTCGACCTACAC-1	L6
GAACCTTTAACGATCC-1	L6
GAACGACCGAATGATA-1	L3
GAACGCGGGTCACACG-1	L3
GAACGGTGTAAAGCAG-1	L2
GAACGTCTCATGGTCG-1	L3
GAACGTTAGGAAGACG-1	L5
GAACTGTGGAGAGACA-1	L6
GAACTTAGCGCCCGGT-1	L2
GAACTTGTGCACGGGA-1	L1
GAAGAAACGATATTGT-1	WM
GAAGAACGGTGCAGGT-1	L3
GAAGACTTCAATGCCG-1	L1
GAAGCAAGGCAATGTT-1	L1
GAAGCCACTGATTATG-1	L6
GAAGCCGGGTAAGCTC-1	L4
GAAGCCTGCACATTCC-1	L6
GAAGCGTGAGGAATTT-1	L3
GAAGCTCGGACCCGTC-1	WM
GAAGCTCTTTGCTTAG-1	L3
GAAGCTTGCTGACCGC-1	L3
GAAGGACTAAATTGAA-1	L2
GAAGGAGTCGAGTGCG-1	WM
GAAGGCTACCATTGTT-1	L1
GAAGGGCATAACCATG-1	L3
GAAGGGTCATTAAGAC-1	L6
GAAGTCAGTTGCACTA-1	L5
GAAGTCTCCCTAGCGA-1	L3
GAAGTGATTTATCGTG-1	L4
GAAGTGCTGGATAGCT-1	L2
GAAGTTTCCACTCAAT-1	L4
GAATAGACGCGACCCA-1	L3
GAATAGCATTTAGGGT-1	L3
GAATAGCCCTGCGGTC-1	L1
GAATAGTGCTCGATTA-1	WM
GAATATTCGGAGTCCC-1	L1
GAATCGACATGGTCAC-1	L3
GAATCGCCGGACACGG-1	L3
GAATCTATACTCGGAC-1	L1
GAATCTGAACATTCTC-1	L4
GAATGAAGGTCTTCAG-1	L1
GAATGCCGAAATGACC-1	L3
GAATGCGAATCGGTTC-1	L6
GAATGGGCTTATCGAC-1	L6
GAATGTATGGCAGGTC-1	L1
GAATGTGGTCCGGATT-1	L3
GAATGTTGGGTAATCT-1	L3
GAATTATAGTGAAAGG-1	L3
GAATTATGCAACCTAC-1	L3
GAATTCACCCGGGTGT-1	L5
GAATTTCTCGCTGCAG-1	L3
GACAAACATATGCAGG-1	L3
GACAACGACCATTGAA-1	L3
GACAACGCAGCTTACG-1	L3
GACAAGAGATGAGATT-1	L4
GACACAAGGGAAGAAA-1	L3
GACACAGCCGGGACTG-1	L6
GACACGAGTTAGAGGA-1	L3
GACACTGAGTTCAGTG-1	L5
GACACTGGAACCCGAT-1	L3
GACACTTCCAATTACC-1	L6
GACAGATTTCTGGCTC-1	L6
GACAGCCAGACCTGAC-1	L3
GACAGGCACACACTAT-1	L5
GACATACTGTCGCAGA-1	L4
GACATCCGTCGAACTG-1	L6
GACATCGATTTATAAC-1	L5
GACCAAACGTTGACTG-1	L4
GACCACACTTCCCTTT-1	L6
GACCAGAGCCCTGTAG-1	L3
GACCAGGTCATTCATA-1	L1
GACCCAATTATGATAC-1	WM
GACCCGTCGCCGGCTA-1	L1
GACCGACGTGAAAGCA-1	L3
GACCGACTGAAGCGTC-1	L5
GACCGCGTCTGACGTG-1	L3
GACCGTCAGGTCGTGA-1	L1
GACCGTGCTGACGGTG-1	L4
GACCGTTACATGCGAC-1	L5
GACCTTCCACGTCTAC-1	L6
GACGACGATCCGCGTT-1	L5
GACGAGGCTAATAAAC-1	L4
GACGCCGTAAAGGCTA-1	L5
GACGCCTGTTGCAGGG-1	L3
GACGCTTGCTTCTAAA-1	L5
GACGGACCGCGTTCCT-1	L1
GACGGGATGTCTTATG-1	L1
GACGGGTTGGCCCGTA-1	L6
GACGGTCAATAGAAGC-1	L2
GACGGTCCTAGGGTGT-1	-1
GACGTGAGACTCCATG-1	L3
GACGTGTAGGGATTAT-1	L3
GACGTTCGTAAATACA-1	L1
GACTAACACAGCACCT-1	L1
GACTAAGATCATGCAC-1	L3
GACTAAGTAGGCTCAC-1	L3
GACTACAAAGCGGTGG-1	L6
GACTACAATTGCTCGT-1	L1
GACTAGGCCGTTAGGT-1	L6
GACTCACCCACGTGAG-1	L3
GACTCCCAGAATAAGG-1	L1
GACTCGCGGGAATGAC-1	L2
GACTCGGTCGGCGGAT-1	L1
GACTGATTGGTCACAA-1	L1
GACTGCAAATCGAGCT-1	L5
GACTGCACCAGCCCAG-1	L4
GACTGCGGCACGTGTA-1	L4
GACTGCTGGTGAGAAA-1	WM
GACTGGGCGCCGCAAC-1	L1
GACTTCAACGCATCAA-1	L6
GAGAACGGTTCTGACT-1	L5
GAGAATCTCACGATCA-1	L5
GAGACCCTGCAACGCC-1	L1
GAGACTGATGGGTAGA-1	L3
GAGACTTCGCGACCGA-1	L5
GAGAGCGCAGTCCCTG-1	L5
GAGAGGCCTATGTGTA-1	L5
GAGAGGGCGCGAGGTT-1	L4
GAGAGGTGCATTCTGG-1	L5
GAGATCTGCTTGGCAT-1	L4
GAGATCTGTCACTCCG-1	L3
GAGATCTTCCATGACA-1	L4
GAGATGGCTTTAATCA-1	L6
GAGATGGGAGTCGACA-1	L5
GAGCACCTGTGTCCAG-1	L5
GAGCATCAACAACTTG-1	WM
GAGCATCATCCCTGGG-1	L3
GAGCCACGGTAGTAGG-1	L2
GAGCCAGCTACCTGTG-1	L4
GAGCCGAGCGTTTATT-1	L1
GAGCGAGGGAGTACCG-1	L2
GAGCGCAAATACTCCG-1	L3
GAGCGCGCACGAGTAG-1	L4
GAGCGCTATGTCAGGC-1	L1
GAGCGCTGTTAGGTAA-1	WM
GAGCGGAATGCGGTGT-1	WM
GAGCTAAGGGCATATC-1	L3
GAGCTCAACATGAGCG-1	WM
GAGCTCTCGGACCTAA-1	L3
GAGCTGTCGTCTCGGA-1	L1
GAGGAATATCTCTTTG-1	WM
GAGGAATGGAGAGGTT-1	L3
GAGGAGATCCTCATGC-1	L3
GAGGAGTAATTCCTAC-1	L1
GAGGATAAACAGTGCT-1	L3
GAGGCATTTGCAGCAG-1	L1
GAGGCCCGACTCCGCA-1	WM
GAGGCCTGTTGATACA-1	L5
GAGGCTATCAAAGTCG-1	L5
GAGGGAGTCAGATCGC-1	WM
GAGGGCATCGCGTATC-1	L3
GAGGGCCATAATATTA-1	L1
GAGGGCCGGCAGAGTC-1	L3
GAGGGCGCAGCTCTGC-1	L2
GAGGGTAGTAACAAAG-1	WM
GAGGTACATCCATCTT-1	L1
GAGGTACGCGTGTCCC-1	L6
GAGGTCCCAAAGATCT-1	L3
GAGGTCTTAGTGGGTC-1	L1
GAGTAAACCGGAAAGT-1	L3
GAGTAAGGCCACGGGA-1	L6
GAGTACGGGTATACAA-1	L3
GAGTAGATACTAGTTG-1	L6
GAGTATACCCTAATCA-1	WM
GAGTATGCCCGCCTTG-1	L5
GAGTATGCGCGTGCAT-1	L6
GAGTCAGACCAGAATC-1	L6
GAGTCCGCTTACCGGA-1	L5
GAGTCGACAGACCCTC-1	L5
GAGTGCACGGACAACA-1	L1
GAGTGTCAACCAGAAA-1	L5
GAGTGTGCGGTACCCA-1	L3
GAGTTGATGGCAATTT-1	WM
GATAAATCGGTGGATG-1	L3
GATAACTCGCACTGTG-1	L3
GATAAGGCAGATGCAA-1	L3
GATACGATGGGAGTCA-1	L5
GATAGAACCCGCTAGG-1	WM
GATAGCGTACCACGCG-1	L3
GATAGGATTAATTACA-1	-1
GATAGGTAACGTTGAC-1	L5
GATAGTGCGAGTAAGT-1	WM
GATATCAGTATGTATC-1	L3
GATATCTCATGCAATA-1	L1
GATATGAGACACTAAC-1	L3
GATATGCGGTAGCCAA-1	L1
GATATGGATTACGCGG-1	L4
GATATTGAGATTGGCG-1	L3
GATATTTCCTACATGG-1	L1
GATCAACATAAAGGGA-1	WM
GATCATTCCAAACATT-1	L3
GATCCCTTTATACTGC-1	L3
GATCCGGGAATTAACA-1	L3
GATCCTAAATCGGGAC-1	L2
GATCCTCGACACTGGC-1	L6
GATCCTCTTGCGCTTA-1	L1
GATCGACACTATCTGA-1	L3
GATCGCGGGCTCTCCA-1	L4
GATCGCTACCCGATTT-1	L3
GATCGCTATATCTCAG-1	WM
GATCGGATAGAACCAT-1	L5
GATCGGCGATAAGTCG-1	L3
GATCGGTGGCCATAAC-1	L3
GATCGTGACTGATATC-1	L3
GATCTCGACGCTGTGG-1	L3
GATCTGCTATCTAAGG-1	L6
GATCTTAGTGAACGTG-1	L3
GATCTTCATTGTCCTC-1	L3
GATCTTGGAGGGCATA-1	L4
GATCTTTGCAGGGTAT-1	L4
GATCTTTGCTCAAAGA-1	L1
GATGACAAGTAGGGCA-1	WM
GATGACGATGATCGCG-1	L1
GATGAGGAACCTTCGG-1	L6
GATGATTTGAAACTGG-1	L1
GATGCCACACTACAGC-1	L1
GATGCCAGCAGAAGGC-1	L3
GATGCGAATGGTATTA-1	L4
GATGCGTCCTGCATTC-1	L3
GATGCTACAAGCGCCT-1	L3
GATGCTACCTTCGATG-1	WM
GATGCTGTATTTCATC-1	L3
GATGGCGCACACATTA-1	L3
GATGGTGAAATAACCC-1	L3
GATGGTGCCCTAGGCA-1	L1
GATGTAACGAACCACC-1	WM
GATGTCCGGATCACAT-1	L2
GATGTCGGTCAACTGC-1	L1
GATGTGTTGTCACAAG-1	L1
GATGTTCAATCCACGA-1	L5
GATGTTTGTGCGAGAT-1	L3
GATTAACCGAAAGCCC-1	L4
GATTAATCCTGGCTCA-1	L2
GATTACTGAATTTGGG-1	L5
GATTATCTTGCATTAT-1	L6
GATTCCCTTGTCGCAG-1	L3
GATTCCGCGTTTCCGT-1	L1
GATTCCTATACGGCGC-1	L3
GATTCGACGGTTCACG-1	L3
GATTCTGTTAATGAGT-1	WM
GATTGACACTCTGCTC-1	L1
GATTGCTCCAGTTGCA-1	WM
GATTGGGAAAGGTTGT-1	L6
GATTTAGTGCGTACTG-1	L1
GCAAACCCTACATTAT-1	L4
GCAAACCTTGGCCATA-1	L5
GCAAACGTCGCCAGGT-1	L3
GCAAATATTACGCTTT-1	L4
GCAAATGAGGACACTT-1	L6
GCAACACACTAGAACT-1	L6
GCAACAGCAGTATGCG-1	L3
GCAACCACCAGACCGG-1	L1
GCAACCACGGCCGCGT-1	L5
GCAACCCAAGTTGTTT-1	L5
GCAACGGCTAGTTATG-1	L3
GCAAGAATTCCTTGGC-1	L5
GCAAGATGTGTTCGCG-1	L1
GCAAGTGCACAGAGAA-1	L3
GCAAGTGTAAAGCATG-1	WM
GCACAAACGAGGCGTG-1	L3
GCACAAGTGGATCATA-1	L3
GCACAAGTGTCGGAAG-1	L1
GCACACACTGGTAGCC-1	L5
GCACACAGCTATTACC-1	WM
GCACACGCCCATGGTC-1	L5
GCACAGCACGGGCCGA-1	WM
GCACCTAGGCGAGTCC-1	L6
GCACGCCGATTCCCGC-1	L6
GCACGCCTACTTAGAT-1	L6
GCACGTGGTTTACTTA-1	L5
GCACTAGTCGCGCTAT-1	L3
GCACTCCCACAGTCCC-1	L1
GCACTGCCTACCTTTA-1	L6
GCACTGTGCAAATGTA-1	L3
GCAGAAACGTAATCCA-1	L2
GCAGACCCAGCACGTA-1	L3
GCAGATCCATAAGACT-1	L4
GCAGATCCTCGCAAAT-1	L4
GCAGATTAGGGATATC-1	L3
GCAGCACACAGCCCAG-1	L4
GCAGCCTATATCACAT-1	L2
GCAGCGGTGGGCATTA-1	L2
GCAGCTATGGACAGGT-1	L1
GCAGCTGTCAACGCAT-1	L6
GCAGGAACTTAGATCT-1	WM
GCAGGACTATAGAATA-1	L4
GCAGGTAGAGTATGGT-1	L1
GCAGTGTGGCTATAGG-1	L5
GCAGTTCGATCCGAGC-1	L4
GCATAAATTGAACGCC-1	L3
GCATACGAGGTCTTTA-1	L5
GCATAGAGCACTCAGG-1	L3
GCATCCCTAACTTTGA-1	L3
GCATCGGCCGTGTAGG-1	L3
GCATGAGGGACGCGGC-1	L3
GCATGCTAATAACGAT-1	L6
GCATGGGTACTGACGC-1	L6
GCATTCAAGGCAACGC-1	L1
GCATTCGAAATGAACA-1	L4
GCATTGTAATTCATAT-1	L5
GCATTTCCAAGGCTCC-1	L2
GCCAACCATTTCCGGA-1	L1
GCCAAGAATACTTCTG-1	L6
GCCAATAGGGCATCTC-1	L1
GCCACAATTTAAGGAC-1	L5
GCCACTCAGAGCGCGA-1	L5
GCCACTCCTTACGGTA-1	L3
GCCAGGAAAGAACACT-1	WM
GCCAGGAGTAACCGAT-1	L1
GCCAGGCGTTCGCATG-1	L1
GCCATATTGCACACAG-1	L1
GCCATCGAGCTGCGTG-1	L6
GCCATCGATGCTGCAT-1	L2
GCCCACCAAGGCTGTC-1	L3
GCCCACTGGTCCACAA-1	L3
GCCCAGTTGGTATGCC-1	L3
GCCCATGGGTGCAATG-1	L2
GCCCGACTTCTTCCCG-1	L6
GCCCGATCTGTGGTCG-1	L5
GCCCGCGCGTAAACGG-1	L5
GCCCGCGCGTTTGACA-1	L3
GCCCGTAATACCTTCT-1	L3
GCCCTAAGTGCAGGAT-1	WM
GCCCTAGCCGTCGCGA-1	WM
GCCCTGAGGATGGGCT-1	L6
GCCGAAATTCCTACGT-1	L4
GCCGACCCACGACTGC-1	WM
GCCGATTGGCCAAGCT-1	L4
GCCGCATTAGTCCGGC-1	L5
GCCGCTAGATACGCAG-1	L2
GCCGCTTGTGAGAAAC-1	L4
GCCGGAAACACATCTT-1	L1
GCCGGGTTAGGGTCGC-1	L4
GCCGGTCGTATCTCTC-1	WM
GCCGGTTTGGGCGGAT-1	L1
GCCGTCGGTTTCGGGC-1	WM
GCCGTGGAAGAAATGT-1	L3
GCCTACGTTCTGTGCA-1	L6
GCCTAGCGATCTGACC-1	L3
GCCTATAGTGTCAGGG-1	L2
GCCTATGCTGGGCCTT-1	L1
GCCTATTCCGATATAG-1	L3
GCCTATTTGCTACACA-1	L1
GCCTCATCTGGAAATA-1	L3
GCCTCCGACAATTCAC-1	L5
GCCTCTATACATAGCA-1	L5
GCCTGCTACACTGAGA-1	L1
GCCTGTCCCGGTGCAT-1	WM
GCCTTCAGCCCTACCG-1	L3
GCCTTGTATATGCAGT-1	L3
GCGAAACGATCGGGAG-1	L4
GCGAAACTTAACTGGA-1	L3
GCGAAGAATCTGACGG-1	L6
GCGAAGCCATACCCGT-1	L3
GCGAATGGACTAGCGA-1	WM
GCGACATGTAAACATC-1	L3
GCGACCCAACCATCTG-1	WM
GCGACGATAGTTGTAC-1	L5
GCGACGGTAGTCTCCT-1	WM
GCGAGAAACGGGAGTT-1	L3
GCGAGAGGCCATGTAA-1	L1
GCGAGAGTTGCGTCCA-1	L2
GCGAGCGCATGCTCCC-1	L3
GCGAGGCCCGAGCAGA-1	L4
GCGAGTTCTGCAAAGA-1	L3
GCGATGTCTGTGCTTG-1	L4
GCGATTCTGGAAGCAG-1	L1
GCGATTGTTAACGTTA-1	L3
GCGCAAATATATTCAA-1	WM
GCGCAAGAGCGCGCTG-1	L3
GCGCATCCAGTCAGCA-1	L2
GCGCCGTTCCACGATA-1	L4
GCGCCTCCCACTCCGA-1	L3
GCGCGATGGGTCAAGT-1	L1
GCGCGGTCTAGTAACT-1	WM
GCGCGTCATTGGTACA-1	L5
GCGCTAAGTATGCATG-1	L1
GCGCTAATTGAATAGA-1	L3
GCGCTATGCCGAGGCA-1	L5
GCGCTGATCCAGACTC-1	L1
GCGCTGCTTTGCATTT-1	L2
GCGCTTAAATAATTGG-1	L5
GCGGACCGCGTTGTGG-1	L6
GCGGAGAAACTTCGCA-1	L6
GCGGAGAGGGAGAACG-1	L4
GCGGCAAAGTATTGCC-1	WM
GCGGCTCTGACGTACC-1	L5
GCGGCTTTAGCAAGTT-1	L6
GCGGGAACCAGGCCCT-1	L3
GCGGGCAGACGGGTGA-1	WM
GCGGGCATTACGATGC-1	L1
GCGGGCGAGCCTTACC-1	L6
GCGGTAACCCAAATGA-1	L3
GCGGTCCCGGTGAAGG-1	L1
GCGGTCCCTAGACGCA-1	L3
GCGGTCTTGCTTTCAC-1	L6
GCGGTGAACTGCGCTC-1	L1
GCGGTGCGGAGCATCG-1	L4
GCGGTTCCCTATCATG-1	L5
GCGTAAATGGCCATAA-1	L3
GCGTCCAGCTCGTGGC-1	L1
GCGTCCCTAAGACATA-1	WM
GCGTCGAAATGTCGGT-1	L2
GCGTCGCCAGGGTGAT-1	L5
GCGTCGTAACATGGTC-1	WM
GCGTCTCTGCATTGGG-1	L5
GCGTGGTACTGGGTTA-1	L3
GCGTGTATGTCGTATT-1	L1
GCGTTATATTTGGAAC-1	L5
GCGTTCGGAGACCGGG-1	L1
GCTAAACCTGAGGTGA-1	L3
GCTAACTGAAGTCTGA-1	L5
GCTAAGTAAAGGCGAT-1	L4
GCTAAGTAGTTTCTCT-1	L3
GCTAATACCGAATGCC-1	L3
GCTACAATCGAGGATA-1	L5
GCTACACTGTCCGAAC-1	L2
GCTACAGTACGGACCG-1	L5
GCTACGACTTATTGGG-1	L4
GCTACTATAGTAGAGT-1	L4
GCTAGACCGTCTACTG-1	L3
GCTAGAGTAGAGATGT-1	L4
GCTAGCAGGGAGTGGG-1	L1
GCTAGCTTGAATAGCT-1	L6
GCTAGGCACCACGGAG-1	L5
GCTAGTAGAGCTTGTA-1	L3
GCTAGTTTCATTGAGG-1	L3
GCTATACGTCTCGGAC-1	L4
GCTATCATACTCATGG-1	L5
GCTATCGCGGCGCAAC-1	L3
GCTATGCCAGCTTATG-1	L6
GCTCAACCTCTTAGAG-1	L3
GCTCAATCCGTTTATT-1	L6
GCTCAATGTAATACCG-1	L6
GCTCATTACTGCATGT-1	L1
GCTCCATGCAAAGCAA-1	WM
GCTCCCAGTCGGTCCA-1	L3
GCTCCGCTCGCTTCAG-1	L3
GCTCCGGACGTTGATA-1	L2
GCTCCTGACATACTGG-1	WM
GCTCGACCGAACTGAA-1	L3
GCTCGCGGTTCCGCTC-1	L4
GCTCGCTCATGTCCAA-1	L3
GCTCGGAATTTAAAGC-1	L2
GCTCTAAACCCTGACG-1	L3
GCTCTATGTTACGTGC-1	L3
GCTCTCGGGTACCGAA-1	L3
GCTCTTTCCGCTAGTG-1	WM
GCTGAACTCTCCAGGG-1	L3
GCTGAATCTTCCAATC-1	WM
GCTGAGCAACGGTTCT-1	L3
GCTGAGGCGTGAGTAT-1	L4
GCTGCACGGTTTCTTA-1	L3
GCTGCGCCTCCCACGT-1	L4
GCTGCTAAGTAGTCGA-1	L6
GCTGCTACTGCGTAGC-1	L5
GCTGCTCTCCGGACAC-1	L3
GCTGGACCCAAAGTGG-1	L1
GCTGGCAGGTGCCGTG-1	L5
GCTGGCATATTCACCT-1	L4
GCTGGCGGCGCATGCT-1	L5
GCTGGGTCCGCTGTTA-1	L2
GCTGGTGACTCGTAGT-1	L1
GCTGTATTACTGGCCC-1	L5
GCTGTCTGTGATCGAC-1	L2
GCTGTTGCTACCGAAC-1	L3
GCTTAATGTAACTAAC-1	L3
GCTTACGTAGTTAGTA-1	L2
GCTTAGGGAAGCGGTA-1	L2
GCTTATGAAGCAGGAA-1	L3
GCTTCAGTGGGATTAC-1	L2
GCTTCCAGCTTAGATT-1	L3
GCTTCCATGTAACCGC-1	L6
GCTTCCCGTAAGCTCC-1	L6
GCTTCCGTCCCTAGAC-1	L3
GCTTGATGATAATCAG-1	L3
GCTTGCAGCACAATTG-1	L1
GCTTGGATCGATTAGG-1	L2
GCTTTCAGAGGAGGTG-1	L3
GCTTTCTATCTCAACT-1	L3
GCTTTGCTGCCGGGTA-1	L3
GGAAACCTTGTTGAAT-1	L1
GGAAACTAAATGGGCC-1	L5
GGAAAGGGAATTGAGC-1	WM
GGAAAGTGCCCATGCC-1	L1
GGAACCCGAACAAGAA-1	L4
GGAACCGTGTAAATTG-1	L5
GGAACCTTGACTCTGC-1	WM
GGAACGGCCTGCAGCC-1	L4
GGAACTTTGGCGATTA-1	L5
GGAAGATAAGACTGTA-1	L3
GGAAGCTCGCTTACAG-1	L1
GGAAGGACACCGTATA-1	L6
GGAATAACCTCAAGAA-1	L1
GGAATGCGCTAGCGTG-1	L3
GGACAACCATGAAGCC-1	L6
GGACAAGTTGCAGTGA-1	L5
GGACACAAGTTTACAC-1	L3
GGACACCTCGGTGTTG-1	WM
GGACCAACAGGATAAC-1	L5
GGACCTACGGTAACGT-1	L1
GGACCTCTAGGCCGCC-1	WM
GGACGGCTTGCGCAAC-1	L1
GGACGGGCGACCAACC-1	L5
GGACGTCCATAGTTGG-1	L1
GGACTAAGTCAGGAGT-1	L5
GGACTCGACAGCGCAT-1	WM
GGACTCGTGAGTGGTC-1	WM
GGACTCTTTGACTAAG-1	L6
GGAGAAGTCATTGGCA-1	L3
GGAGACCAATGTGCTT-1	L1
GGAGACGACACCTTTG-1	L4
GGAGCAACATTTCAAG-1	L4
GGAGCACCAAGAACTA-1	L3
GGAGCGAGGCCTACTT-1	L6
GGAGGATTGAAAGGAG-1	L1
GGAGGCCGAAGTCGTC-1	L3
GGAGGCGAAGAACCGC-1	L2
GGAGGGCTTGGTTGGC-1	L3
GGAGGGTCAAGTAAGA-1	L5
GGAGTACACATGAGCT-1	L3
GGAGTGCCGCCCTGGA-1	L3
GGAGTTGATTCTGTGT-1	L5
GGATACTCATGAATTG-1	L2
GGATCAAAGGACGAGG-1	L1
GGATCAGAGCCATCAG-1	L6
GGATCATCCCGTACGC-1	L1
GGATCCCTACCAGCTA-1	L3
GGATCCGGAATATACT-1	L3
GGATCTTACTGCCCTT-1	WM
GGATCTTGACTCAACC-1	WM
GGATGAAGATCGCTGA-1	L3
GGATGACGCGAGTTTA-1	L4
GGATGCTGGCGTTCCT-1	L5
GGATGGCTTGAAGTAT-1	L6
GGATGTCCTTACCGCA-1	L3
GGATTAAGCTAAGGTC-1	L1
GGATTAATCATGGACC-1	L6
GGATTCAGTACGGTGG-1	L3
GGATTCCGCTATACCC-1	L1
GGATTGCTGTGACTCC-1	L5
GGATTTCACTTCTATA-1	L3
GGCAAAGGCGCCAATA-1	L6
GGCAAATTACTTTACT-1	L4
GGCAAGCCAGGGATAG-1	L1
GGCAAGCCCATAGTGG-1	WM
GGCAAGGCGAAATAGC-1	L4
GGCAATAGTCAATGAG-1	L3
GGCACTCCACTGGGCA-1	L4
GGCACTGCGGTGGTTT-1	L6
GGCAGAGAGATCGGGA-1	L5
GGCAGCAAACCTATGC-1	L3
GGCAGCGGTAATCCTA-1	L1
GGCATACAGGTAGCGG-1	L4
GGCATATCGGTTCTGC-1	L1
GGCATCAACGAGCACG-1	L1
GGCATTGAACATCTCA-1	WM
GGCCAATTGTATAGAC-1	L6
GGCCACAAGCGATGGC-1	L1
GGCCACACGAAAGCCT-1	L4
GGCCCAATCTAGAGGG-1	L2
GGCCCAGCTGGTTTGC-1	L6
GGCCCAGTTATCAGCA-1	L1
GGCCCGGAGCATGTCT-1	L2
GGCCCGTATACCATGC-1	L1
GGCCCTCACCCACTTA-1	L5
GGCCGAGACTCTGGTG-1	WM
GGCCGCAGGAACCGCA-1	L5
GGCCGGCGTCTGCTAT-1	L6
GGCCGTTTGGGTTTCA-1	L6
GGCCTGCTCTGATGTT-1	WM
GGCCTGCTTCTCCCGA-1	L4
GGCCTTTGCAACTGGC-1	L5
GGCGAAATCTAACTTG-1	L3
GGCGAACCGTTCTGAT-1	L1
GGCGAGCATCGAGGAC-1	L1
GGCGCAGGACATCTTC-1	L5
GGCGCATGAATTGATG-1	L4
GGCGCGGAGATCTTTC-1	L5
GGCGCGTTCGAGTTTA-1	L5
GGCGCTCCTCATCAAT-1	L3
GGCGCTTCATTCCCTG-1	L6
GGCGGAGTAATATTAG-1	L3
GGCGGTAGGATCATTG-1	L3
GGCGGTTTGCCGGTGC-1	L3
GGCGTACCCTATATAA-1	L1
GGCGTAGGGAAAGCTG-1	L6
GGCGTCCTATCCGCTG-1	L4
GGCTAAAGGGCGGGTC-1	L1
GGCTAATGATTGAAAT-1	L1
GGCTACTATACACTCC-1	WM
GGCTATTAAGTTGTAT-1	L4
GGCTCCTCCACCTGTT-1	WM
GGCTCGCGTTGAGGTA-1	L3
GGCTCGTGCCACCAGC-1	L3
GGCTCTGCTCCAACGC-1	L3
GGCTGAAATAGCAAAG-1	L4
GGCTGAGCATCGTAAG-1	L1
GGCTGGCAATCCCACG-1	L6
GGCTGGCTAGCTTAAA-1	L3
GGCTTCTCGTGGGTGG-1	L6
GGCTTGGCTCTCACCT-1	L5
GGCTTTCAATAAGGGT-1	L6
GGGAACCACCTGTTTC-1	L1
GGGAACGGGAGGTTAG-1	L5
GGGAACGGTTTCAGAT-1	WM
GGGAAGACGGTCTGTC-1	L6
GGGAAGGGCTTTCTCA-1	L5
GGGAATGAGCCCTCAC-1	L1
GGGAATTCTGTCCAGT-1	L5
GGGACAGAGTTACTCC-1	WM
GGGACCCGTATATCTT-1	L6
GGGACTGCATAGATAG-1	L3
GGGAGAACTCACAGTA-1	L3
GGGAGCGACCGTAGTG-1	L6
GGGAGGATGCCCGAAA-1	L4
GGGAGTAATGGCTGGC-1	L2
GGGAGTTAATGAGGCG-1	L3
GGGATACGGTAATAAT-1	L4
GGGATCCCAATACAAA-1	L1
GGGATGGTCGTAACCG-1	L5
GGGATTTACCGCACCT-1	L3
GGGCAACCGCACGTGC-1	WM
GGGCACGAATTGGCCG-1	L5
GGGCACGTAGTACTGT-1	WM
GGGCAGAGCAATCGTT-1	L6
GGGCAGTCAACGCCAA-1	L6
GGGCATGCATGTCGAG-1	WM
GGGCCCGTCTTAAACA-1	L5
GGGCCCTACGAAAGGG-1	L5
GGGCCCTTATCTATAC-1	L5
GGGCCGGCCGAAGTAC-1	L3
GGGCCTAAATGGGCTA-1	L6
GGGCCTATACAACCGG-1	L3
GGGCCTATTTAAGTAT-1	L1
GGGCGAATTTCTCCAC-1	L3
GGGCGATATGTGTGAA-1	L3
GGGCGCAGCGTTACTC-1	L1
GGGCGGCAAATGAATT-1	L5
GGGCGGGTTCCCTACG-1	L5
GGGCGGTCCTATTGTC-1	L3
GGGCGTACATTTATAT-1	L3
GGGCGTCACCACGTAA-1	L5
GGGCGTCCACTGGCTC-1	L1
GGGCGTGGTTTCCCAG-1	L5
GGGCTATGATCGATGG-1	L6
GGGCTCATCGAACCCA-1	L2
GGGCTGCCTAGGGCGA-1	L3
GGGCTGGTTAGTCGCG-1	L3
GGGTAATGCTGTGTTT-1	L3
GGGTACCCACGGTCCT-1	L3
GGGTACTTCATGAACT-1	L4
GGGTATGTATGCACTT-1	L4
GGGTATTCTAGCAAAC-1	WM
GGGTCACCGTGACGGT-1	L4
GGGTCACGTGCTTATG-1	L2
GGGTCACTGAGTAGTG-1	L3
GGGTCAGGAGCTAGAT-1	WM
GGGTCATGCGTACCAT-1	L3
GGGTCGTGGCAAGTGT-1	L1
GGGTCTATCGCTTTCC-1	L5
GGGTGACACCTTAACT-1	L5
GGGTGCATATGAAAGC-1	L1
GGGTGGTCCAGCCTGT-1	L1
GGGTGTTTCAGCTATG-1	L2
GGGTTAACATTTGAGT-1	L6
GGGTTCAGACGAACAA-1	L3
GGGTTTAGGATAGGAT-1	L3
GGGTTTCCGGCTTCCA-1	L1
GGTAAACTCTGCGCTG-1	L5
GGTAAATGTGCGTTAC-1	L1
GGTAACCGGGAGGATA-1	WM
GGTAACTATGTATCTG-1	L3
GGTACAAACATGCTAT-1	L4
GGTACACCAGATTTAT-1	L1
GGTACATCTGGGACGA-1	L5
GGTACCATTAAGACGG-1	L1
GGTACGTTGCGGCCGG-1	L5
GGTAGAAGACCGCCTG-1	L5
GGTAGACCGTTGGGCG-1	L5
GGTAGTGCTCGCACCA-1	L3
GGTATAGTGACACATA-1	L2
GGTATGAAAGAACTGA-1	L5
GGTATTGCCGAGTTTA-1	L3
GGTCAAGACTACTTCG-1	L4
GGTCACGTTAGATTCA-1	L2
GGTCAGTGGGTCCCAC-1	L5
GGTCATTGTAGTCATA-1	L1
GGTCCCATAACATAGA-1	L2
GGTCCTTCATACGACT-1	L3
GGTCGGATAAACGGCG-1	L1
GGTCGGCCAGGAGCTT-1	L3
GGTCGGTAATTAGACA-1	L3
GGTCGGTCGTCCACAG-1	L6
GGTCGTAAGCTCGCAC-1	L6
GGTCTCCGTCCAGGTT-1	L5
GGTCTCTGAATGGACT-1	L6
GGTCTGAGAATCTGGA-1	L3
GGTCTTGAGCGCTCTT-1	L6
GGTGAAACCGGGAATG-1	L1
GGTGAACGGGCTAGCC-1	L3
GGTGAAGTACAGGGAT-1	L5
GGTGAGATGCAGATAA-1	L3
GGTGATAAGGAGCAGT-1	L3
GGTGATGAAGGAAGTG-1	L5
GGTGATTTCATCTTGT-1	L2
GGTGCAGAGCCTATCG-1	L1
GGTGCATAAATGATTA-1	WM
GGTGCGGATAAGTGGC-1	L3
GGTGCTGATCACAAAG-1	L4
GGTGCTGGTACACATT-1	L5
GGTGGACCACGTGTTA-1	L1
GGTGGACTGCTCTGGC-1	L5
GGTGTAAATCGATTGT-1	WM
GGTGTAGGTAAGTAAA-1	WM
GGTGTTCTGTTTCTAC-1	L1
GGTTACCACCCTCGGG-1	L5
GGTTAGCTATATGTCT-1	L3
GGTTAGGCTTGGAGAA-1	L3
GGTTAGTTACGGCGCC-1	L4
GGTTCCACCCGCTTCT-1	L1
GGTTCCCTAGTGTCTC-1	L3
GGTTCGATGCTGAGTT-1	L3
GGTTCGGATTATACTA-1	L6
GGTTCTACTCGTCTGA-1	L3
GGTTGTATCGTGAAAT-1	L1
GGTTGTGCTCTTGTCC-1	L4
GGTTGTGTAGCCTGGC-1	L5
GGTTTAATTACCATCG-1	WM
GGTTTAATTGAGCAGG-1	L1
GGTTTACAATCTCAAT-1	L3
GGTTTAGCCTTTCTTG-1	L3
GGTTTCAATCGGTCAG-1	L3
GGTTTGACAAGAAGCT-1	L1
GGTTTGAGTGCTGGAA-1	L3
GGTTTGCGAACACGTA-1	L1
GGTTTGTGACCTGAGG-1	L5
GTAACAACTGACCTTG-1	L1
GTAACATCAGCTCATC-1	L3
GTAACATCTAAGATAA-1	L4
GTAACTGCCCAAGGAG-1	WM
GTAACTTGCGGCAGTC-1	L3
GTAAGCGGGCAGTCAG-1	L3
GTAAGGATTTGTCGGA-1	L1
GTAAGTAACAGTCTGG-1	L3
GTAAGTAGGGTATACC-1	L3
GTAAGTCCACACTCTA-1	L3
GTAATAAAGGGCTCCC-1	L2
GTAATCTGATTCTTCG-1	L5
GTACACTTACCTGAAG-1	L3
GTACAGAGGCAAGGGT-1	L3
GTACGACGGCGCTGCG-1	L3
GTACGAGATTGCGACA-1	L3
GTACGCTTCATTGCAC-1	L4
GTACGTCACGTATTAA-1	L1
GTACGTTTGCCCGTCA-1	L4
GTACTAAGATTTGGAG-1	L3
GTACTACGGCCTCGTT-1	L6
GTACTCCCTTATCGCT-1	L5
GTACTCCTGGGTATGC-1	L1
GTACTGAGGTCGTAAC-1	L2
GTACTGCATGAAGCGT-1	L3
GTACTGGAGTTAGACC-1	L3
GTACTTGGGCACTTCT-1	L3
GTAGAAACGGGTGGAG-1	L4
GTAGACAACCGATGAA-1	L1
GTAGACACGCCTGACT-1	L6
GTAGACGTCGTTACAT-1	L3
GTAGAGGGAGACAAGT-1	L6
GTAGCCAAACATGGGA-1	L5
GTAGCGCTGTTGTAGT-1	L1
GTAGCGGCTATACACT-1	L3
GTAGCTAGTAAGCGCG-1	L1
GTAGCTCCGGGAGGCT-1	WM
GTAGCTTCCTCTTGTT-1	L3
GTAGGTGATCCGTGTA-1	L1
GTAGTCGCGGGAATCA-1	L4
GTAGTCTACGATATTG-1	L6
GTAGTGAGCAACCTCA-1	L5
GTAGTTAGACAATATA-1	L3
GTAGTTCGAAGGCGAA-1	WM
GTATAATCTCCCGGAT-1	L3
GTATAGGACTCAGTAG-1	L3
GTATAGTGGCCCATGT-1	L1
GTATATGTTACGGCGG-1	L3
GTATCAAACGTTAGCT-1	L4
GTATCAAGGTACTTCC-1	WM
GTATCAGCTTGGGTTC-1	L3
GTATCCTTTGGTAACC-1	L5
GTATCGGGACGAGCTG-1	L3
GTATCTCAGTCTTGAC-1	WM
GTATCTCCCTAACTGT-1	L1
GTATCTTGTTGCTCAC-1	L1
GTATCTTTCATAACCA-1	L4
GTATGAAATTTCACTC-1	WM
GTATGACGTGGGAAAC-1	L2
GTATGTGGGTCTAGTT-1	L3
GTATTAAGGCGTCTAA-1	L3
GTATTAGGGTTCGCGT-1	L2
GTATTCTGAGAAACGA-1	L5
GTATTCTTACCGTGCT-1	L3
GTCAAAGAAGTGGTGT-1	WM
GTCAAAGTTTACATAG-1	L3
GTCAACCAGGCCTATA-1	L5
GTCAAGCGGACTCGGG-1	L3
GTCAATGCTATAATTT-1	L1
GTCAATTGTACTGAAG-1	L1
GTCACAAAGTTTCCAA-1	L1
GTCACCTGTCTATGTC-1	L2
GTCACTCTCCAAATCT-1	L3
GTCAGAATAGTCTATG-1	L4
GTCAGTTGTGCTCGTT-1	L1
GTCAGTTTGGTAGTCG-1	L5
GTCATCTCCTACAGCT-1	L3
GTCATGCACCTCCGTT-1	L3
GTCATGCGCGAGGGCT-1	L5
GTCATGGACATGACTA-1	L3
GTCATTAGAGCGAACG-1	L3
GTCATTGCATTGACCC-1	L5
GTCCAATATTTAGCCT-1	WM
GTCCACGTCGCATTCG-1	L5
GTCCAGGCACGTGTGC-1	WM
GTCCATTACTGCTACG-1	L3
GTCCCAACGTAAAGTA-1	L3
GTCCCAATCATCCCGC-1	L6
GTCCCGCGACGTTATG-1	L5
GTCCGAGAGCAATCAT-1	L5
GTCCGGACCTGAAATT-1	L5
GTCCGGCTGAATTGCG-1	L3
GTCCGGGTTCACATTA-1	L6
GTCCGTTAGAGGGCCT-1	WM
GTCCTACAGGCGGCTC-1	L3
GTCCTACGAATAGTCT-1	L4
GTCCTATTGTTGTGGT-1	L5
GTCCTTCTACAACCCA-1	L4
GTCCTTCTAGTGGGTT-1	L1
GTCCTTTAATGACTTC-1	L1
GTCGCCGTTGTGTGTT-1	L6
GTCGCGTAACCCGTTG-1	L3
GTCGGAAGGATACCAG-1	L1
GTCGGATATCTCAGAC-1	L4
GTCGGATGTAGCGCGC-1	L1
GTCGGGAACATGGTAG-1	L6
GTCGGGAAGCAGAAAC-1	L6
GTCGTACCATCTCGGG-1	L5
GTCGTACCTACGATTG-1	L5
GTCGTATTGGCGTACA-1	L1
GTCGTCAATTATAAGG-1	L2
GTCGTGTCTGGTCATC-1	L1
GTCGTTATTCGCTTAT-1	L4
GTCTAAGATGCCCAGC-1	L3
GTCTACTCAATTACAA-1	L5
GTCTAGTGAGCCGCTT-1	L6
GTCTATCTGAGTTTCT-1	L5
GTCTATTGCATGCTCG-1	L5
GTCTATTGGTTCCGGT-1	L4
GTCTCAAGGCCCGGCT-1	L6
GTCTCCGCCTCAATAC-1	WM
GTCTCGACTAAGTTTG-1	L1
GTCTCGATCTGCTTTC-1	L1
GTCTCGCCAACACGCC-1	L1
GTCTGCCGACTCGACG-1	L6
GTCTGGGCGGTCGAGA-1	L5
GTCTTAGTACAGCCGG-1	L1
GTCTTCCTCACCTAAG-1	L5
GTCTTGAGGAGCAGTG-1	L2
GTCTTGTAGCTATTCA-1	L3
GTGAAACGGCGCCACC-1	L2
GTGAAACGTGCTCCAC-1	L3
GTGAACTCCCATTCGA-1	L2
GTGAAGATTTCAAGTG-1	L1
GTGAAGCCGTATAGTC-1	L1
GTGACAGCTTCCCACT-1	L6
GTGACCGCACACTACG-1	L3
GTGACGAGGGTGACCC-1	L1
GTGACGCAGGTTTCAT-1	L6
GTGACTTCAGTAGTGC-1	L5
GTGAGATAACCTTATA-1	WM
GTGAGCGTGCTGCACT-1	L5
GTGAGGACACTTAAGG-1	L3
GTGAGGAGCGGTTGAG-1	L1
GTGAGTCTAAGACGGA-1	L4
GTGAGTGGTACAACGC-1	L5
GTGATCAAGCGTGCAC-1	WM
GTGATCACTAACGCCT-1	L3
GTGATCATAGATCTGC-1	L5
GTGATCCTTGTCATGA-1	L5
GTGATGCACAACATCT-1	L1
GTGATTCGCCGCTCAA-1	L5
GTGCAACAAATGTGGC-1	L1
GTGCACCAGCTTCAAC-1	WM
GTGCACGAAAGTGACT-1	L1
GTGCCATCACACGGTG-1	L5
GTGCCCGTTCGGATTC-1	L3
GTGCCGCTTCAAAGGT-1	L5
GTGCCTAGCTATGCTT-1	L3
GTGCCTCAGTGTACGG-1	L1
GTGCCTGAGACCAAAC-1	L6
GTGCGAAATCGAACAC-1	L5
GTGCGACAGGGAGTGT-1	L3
GTGCGCAGCTTGCTCC-1	L2
GTGCGCTTACAAATGA-1	L1
GTGCGGGACCATCGGC-1	L2
GTGCGGGTCTCCAAAT-1	L3
GTGCGTGTATATGAGC-1	L3
GTGCTCAAGTACTGTC-1	L3
GTGCTGCAGATAAGGA-1	L5
GTGCTGTTAGAACATA-1	WM
GTGCTTACATCAGCGC-1	L3
GTGGAACCTACATGCG-1	L1
GTGGACCAACCCGATT-1	L5
GTGGACGCATTTGTCC-1	L5
GTGGACGTGCTGAGAC-1	L3
GTGGAGTCGGCGGTTG-1	L6
GTGGCAAACAGCGGCA-1	L6
GTGGCCTAATATCATT-1	L5
GTGGCGGGCCGTAGCT-1	L1
GTGGCGGTCCCAGCGT-1	L5
GTGGCGTGCACCAGAG-1	L2
GTGGCTGTTTCTGTTC-1	L6
GTGGGAACAAACCGGG-1	WM
GTGGGAAGACTGAATC-1	L6
GTGGGCTTAGACACAC-1	L3
GTGGGTCTTCTTTGCG-1	L2
GTGGTATAGTCTGCCG-1	L6
GTGGTCAGCGAAGTAT-1	L1
GTGGTGGCCAAGTGAA-1	L4
GTGGTTACTTCTTTCG-1	L2
GTGGTTTCCGCCTTTC-1	L5
GTGTACCTTGGCTACG-1	L3
GTGTATATCAGCGGGC-1	L5
GTGTATGACTTTAAAG-1	L1
GTGTCAGTGTACGTGG-1	WM
GTGTCCGATAAGGCAT-1	L2
GTGTCGTATAGCGTTC-1	L5
GTGTCGTATTCACCTT-1	L2
GTGTGAATAACTTAGG-1	L3
GTGTGAGCCGAGGTGC-1	L1
GTGTGTCGACGTCGCT-1	L3
GTGTTACTATGCGTCC-1	L3
GTTAAAGTAGGACTGG-1	L4
GTTAACATCACTTAAA-1	L5
GTTAACTATGTTGTCA-1	L3
GTTAAGGGTGCGATGT-1	L6
GTTAAGTTAGAGTGGG-1	L2
GTTAATGTCTATCTTA-1	L5
GTTACAATTGGTGACG-1	L5
GTTACCTACAACTTGC-1	L4
GTTACGAAATCCACGC-1	L1
GTTACGGCCCGACTGC-1	L1
GTTACTTTGGGCCTAG-1	L5
GTTAGAGTGTGCCGCT-1	L1
GTTAGCCCATGACATC-1	L6
GTTAGCCGTAAATCAA-1	L1
GTTAGGCTACCCGTTT-1	WM
GTTATAATACGGTGAA-1	L4
GTTATATCAGGAGCCA-1	L1
GTTATATTATCTCCCT-1	L5
GTTATCAAGCTATCGA-1	L6
GTTATCACCTTCTGAA-1	L1
GTTATTAAATACGACC-1	L1
GTTATTAACGTGGGAG-1	L3
GTTCAAATCAGATGTC-1	L4
GTTCAATCTATGTCAA-1	L1
GTTCACAGGAGTCTAG-1	L4
GTTCAGTCGCCAAATG-1	WM
GTTCATCGTTTGGCTG-1	L2
GTTCCAAGACAGCGAC-1	L2
GTTCCAGTCTGACCAT-1	L3
GTTCCCGTAAACATAT-1	L4
GTTCCGTCCGCCTGCA-1	WM
GTTCGCCATAAGTGCC-1	L4
GTTCGCTGAGACGTCT-1	L3
GTTCGGAGCACTCAAC-1	L5
GTTCGGATCGGGAACA-1	L3
GTTCGGGCGTACCATT-1	L2
GTTCGTCTAAAGAACT-1	L4
GTTCGTCTGGGTCCCT-1	L1
GTTCGTTGCGGACCAG-1	L1
GTTCTTCCCTCGATGT-1	L3
GTTCTTGTAACTCAAT-1	WM
GTTGAACCGGTTCCAT-1	L5
GTTGAGTCCCGCCGGT-1	L5
GTTGCACGGAGTTTCG-1	L3
GTTGCGCTAACATTAC-1	L3
GTTGGACCGCATCAGG-1	L1
GTTGGATTCAGTGGCT-1	L1
GTTGGATTGAGAACAC-1	L3
GTTGGATTTGCGTTGG-1	L4
GTTGGTCATGCTATCC-1	L5
GTTGTAGATTTATGAG-1	WM
GTTGTCGTGTTAGTTG-1	L3
GTTGTTACATTGCGCT-1	L1
GTTTACGTTCCATCTG-1	L5
GTTTATGGGATTTAGA-1	L4
GTTTCAAACGAGTTGT-1	L5
GTTTCATATCGTCGCT-1	L5
GTTTCCTGGAGGGTGA-1	L3
GTTTCTAGAGGCGCGG-1	L6
GTTTCTGCAGTCTCCC-1	L3
GTTTGACCAAATCCTA-1	L3
GTTTGAGCGGTTATGT-1	L1
GTTTGGCCCAAGTTAT-1	L3
GTTTGGCCGCTCAGCG-1	L3
GTTTGGCGTCAGGCAC-1	L3
GTTTGGGCTTGTGAGC-1	L5
GTTTGGGTTTCGCCCG-1	L5
GTTTGGTAGGGTCAAC-1	L5
GTTTGGTGATCGGTGC-1	WM
TAAACCCAGGAGGGCA-1	L6
TAAACGTCGTCAATGA-1	L3
TAAAGACAACCCTTTA-1	L3
TAAAGAGCCCGAAACC-1	L2
TAAAGCGGTATTTCCA-1	WM
TAAAGCGTTAGGAGAA-1	L2
TAAAGCTGCAATAGGG-1	L1
TAAAGGAGAAACTAGT-1	L1
TAAATCTTTACACCTC-1	L1
TAAATGAATCCGTTTC-1	L3
TAAATGCCGTCTCATG-1	L1
TAAATTGTGGGTAAAG-1	WM
TAAATTTAGTAACACC-1	WM
TAACAAAGGGAGAAGC-1	L3
TAACAATATTTGTTGC-1	L4
TAACAGCGTTTGTGCT-1	WM
TAACAGGTTCCCTTAG-1	WM
TAACATACAATGTGGG-1	L3
TAACATACACGCGATC-1	WM
TAACCGCCCGCAGTGC-1	L2
TAACCGTCCAGTTCAT-1	L2
TAACCTACCGTCCGAG-1	L3
TAACCTAGGGAGTCCA-1	L5
TAACGCTTTGAGAGCG-1	L3
TAACTATCGAAGGTCC-1	L3
TAACTATTACGCCAAA-1	L1
TAACTCATCCGCGCGG-1	L5
TAACTCCATGGAGGCT-1	L3
TAAGATTTAGCGGGAG-1	L1
TAAGCAGGCGACACGC-1	L5
TAAGCCCTTACGACCA-1	L1
TAAGGAACTTGTGGGA-1	L3
TAAGGCAACATAAGAT-1	L3
TAAGGCATAACATCAA-1	L6
TAAGGCCCGTCACCCT-1	L6
TAAGGCTGAATCCCTC-1	L3
TAAGGGCCTGTCCGAT-1	L5
TAAGGGCTGGGAGAGG-1	L5
TAAGTAAATGTGCCGC-1	L1
TAAGTAACATCTTGAC-1	L5
TAAGTCGCCGAGTATC-1	L6
TAAGTTGCGACGTAGG-1	L4
TAATAAACAAGGAGAT-1	L1
TAATACACAGTAGTAT-1	L3
TAATACTAGAACAGAC-1	L6
TAATAGAACAGAGTTA-1	L6
TAATAGGTCACCAGAA-1	WM
TAATAGTGACGACCAG-1	L3
TAATATTGAAATTCGC-1	L3
TAATCAGGAATGCTGC-1	L3
TAATCGATCCGTACGT-1	L1
TAATGAAAGACCCTTG-1	L4
TAATTACGTCAGTAGA-1	L5
TAATTAGATGGATATG-1	L3
TAATTAGGACATCCGT-1	L3
TAATTGGAATCGGGAA-1	L1
TAATTTCCGTCCAGTA-1	L6
TACAAATTGCGGAGGT-1	L1
TACAACGCACAACTCA-1	L5
TACAAGCTGTTCACTG-1	L1
TACAAGGGCTTCTTTA-1	L6
TACAAGTCTCGTGCAT-1	L4
TACAATGAAACCAGCA-1	L1
TACACAGCCGTGGTGC-1	WM
TACACCGTCGTTAGTC-1	L1
TACACCTCTTCGAATC-1	L6
TACAGAAACGGTGGGC-1	L5
TACATAGGCATACACC-1	L4
TACATCCCTATCCCTG-1	L6
TACATCTTGTTTCTTG-1	L3
TACATGACCTTATCCG-1	L4
TACATTTCTAACGTGC-1	L4
TACCAAATAGCCCAGA-1	L6
TACCAATAAAGTACCA-1	L5
TACCAGAAGTAGGTTC-1	L5
TACCAGCTAGGTTTAA-1	L1
TACCAGGAATCCCGTC-1	WM
TACCGAATAATTGTAA-1	L6
TACCGCGGACTTGCAG-1	L3
TACCGGCTCACTGCCC-1	L5
TACCGGTCGTTTCCAT-1	L5
TACCGTAGGTTAACTA-1	L6
TACCGTGCCTCGGACC-1	L5
TACCTACTCCCAGTAT-1	L6
TACCTATCCCTAGAGG-1	L6
TACCTCACGCTTGTAC-1	L3
TACCTCAGTTGTCTGT-1	L6
TACCTCCACACCAATG-1	WM
TACCTGCTGCACTGTG-1	L4
TACCTTAAGATTTCCC-1	L6
TACGAACACGACTTCA-1	L3
TACGACGCTTGCTGCG-1	L5
TACGACTGCCTCTTAG-1	L4
TACGAGAACTTCACGT-1	L4
TACGATCCAAGCCACT-1	L3
TACGATGTTGATCATC-1	L4
TACGCAGTTCTTTCCT-1	L4
TACGCCATATTCTAAT-1	L4
TACGCCGAGGGTACCC-1	WM
TACGCCTCCATTCCGA-1	L5
TACGCTATAGAAACCT-1	L3
TACGCTCGGTATTGGA-1	L5
TACGGAAGCCAAACCA-1	L6
TACGGCATGGACGCTA-1	L5
TACGGGATGCTAGCAG-1	L1
TACGGGTAATAACATA-1	L6
TACGTAAAGCGGAGTG-1	L5
TACGTACTAGTGCTGA-1	WM
TACGTGCACTATGCTG-1	L3
TACGTGGGCCCAGGGC-1	L6
TACGTTTACCGGCAAT-1	L5
TACTACGTGCAATGCG-1	L6
TACTATGGTTCCTCAG-1	L6
TACTCCTCTAGTTGAC-1	WM
TACTCGGCACGCCGGG-1	L5
TACTCGTTTGAATCAA-1	L6
TACTCTCCGAACAAAT-1	L2
TACTCTTACTTTACTG-1	L4
TACTCTTTCGTCTTCA-1	L6
TACTGAACAGATTTAG-1	L6
TACTGCAATCAATTAC-1	L1
TACTGGACAGCTCGGC-1	L5
TACTGTTTCTCTGGTA-1	L3
TACTTAAACATGTACA-1	L5
TACTTGTTAGTAGTCC-1	L3
TACTTTACTGAGCCGG-1	L2
TACTTTCCGCACGCCA-1	L6
TAGAAACACAATAGTG-1	L3
TAGAAACCACTAAGTA-1	L1
TAGAAAGGTGGCGCTA-1	L3
TAGAAATTCACGTATA-1	L5
TAGAATAGCCGATGAA-1	L5
TAGAATTAAGGGCAAC-1	L1
TAGACGAAACGCCAAT-1	L6
TAGACGCCCGTACCGG-1	L3
TAGACTACCTAGCGTT-1	L3
TAGAGATCATGCAACT-1	L5
TAGAGCTACGAAGAAC-1	L2
TAGAGGGAGTTTATCT-1	WM
TAGAGGTTCTACTTGT-1	L4
TAGAGTCTAAGCGAAC-1	L3
TAGATATGGACTGGAA-1	L5
TAGATCCGAAGTCGCA-1	L1
TAGATGGTTCCTTACT-1	L5
TAGATTCAAAGTGCGG-1	WM
TAGATTCCTGGTTATT-1	L5
TAGCAACCTGTCACAA-1	L3
TAGCAGATACTTAGGG-1	L6
TAGCAGTAAATACGCG-1	L3
TAGCAGTATGACTAAA-1	L5
TAGCCAGAGGGTCCGG-1	L3
TAGCCATTTCAAAGTC-1	L3
TAGCCGGCGGTCAGCG-1	L3
TAGCGTCCCTCGATTG-1	L3
TAGCGTCCGGTGTGGT-1	L5
TAGCGTCGAATATTGA-1	L5
TAGCGTTGGGTCTTAC-1	L3
TAGCTAAGTCCGGGAG-1	L3
TAGCTAGAAGGCATGA-1	L5
TAGCTAGTGATGATGG-1	L6
TAGCTCAGATCCTAGT-1	L2
TAGCTCGCCTGATAAC-1	L5
TAGCTGATGTGAAGCG-1	L6
TAGGAACAGCCTCCAG-1	L1
TAGGATCTTAACCGCA-1	WM
TAGGCATGTTACGCCA-1	L2
TAGGCCTATATAGTCT-1	L5
TAGGCTAAAGTGGCAC-1	L5
TAGGGAGCTTGGGATG-1	L3
TAGGGTGTTTCAAGAG-1	L3
TAGGTCCAAGTAAGGA-1	L4
TAGGTCGCCGGAACTG-1	L2
TAGGTGACGATAACCT-1	L5
TAGGTGAGCCCTACTC-1	L3
TAGGTGCTCGCCTAGC-1	L3
TAGGTGTTCCACAGAT-1	L6
TAGGTTCGAGTTCGTC-1	L3
TAGGTTCTGCTGAGAA-1	WM
TAGTACCTTAGTGGTC-1	L3
TAGTAGCTTATACCAG-1	WM
TAGTCCCGGAGACCAC-1	WM
TAGTCCGCAGAGAATG-1	L4
TAGTCCGTATGCATAA-1	L3
TAGTCGATCACGGGTT-1	L3
TAGTCGGGATTCTTCG-1	L3
TAGTCTAACAACGAGA-1	L5
TAGTCTGCGGCACATT-1	WM
TAGTCTGTGACGTTGC-1	L1
TAGTCTTTCCGAATTG-1	L3
TAGTGAGAAGTGGTTG-1	L1
TAGTGCCCTCCAGAGT-1	L3
TAGTGCTTGAATCCTT-1	L3
TAGTGGAACTCATACA-1	L1
TAGTGTCAGAAACGGC-1	L3
TAGTTAAGATAGGATA-1	L1
TAGTTTATTCTTGCTT-1	L2
TATAAATCCACAAGCT-1	L3
TATAAGTGAGGATAGC-1	L3
TATACACAGACGCCTT-1	L5
TATACACGCAAAGTAT-1	L3
TATACGCGTCATCACT-1	L6
TATACTCATGCGGCAA-1	L3
TATAGAGTCGCTTGAA-1	WM
TATAGATGGTCGCAGT-1	L3
TATAGCGCACGTTATC-1	L6
TATAGGGTACTCATGA-1	L5
TATATAGGGCTTTACG-1	WM
TATATATCGAGAAATG-1	WM
TATATCAAAGTGATCT-1	WM
TATATCATTGATCAGT-1	L5
TATATCCCTGGGAGGA-1	L3
TATATGCTGGGTTGCC-1	L4
TATATTACAAATGTCG-1	L1
TATATTCGCGTCGATA-1	L1
TATCAAAGGTCTGTAA-1	L5
TATCACAGCACGGGCA-1	L1
TATCACCATGTAAAGT-1	L1
TATCACCCAACCGACC-1	L1
TATCACTTCGAGTAAC-1	L1
TATCCAATTGGTTATC-1	L5
TATCCATATCATGCGA-1	L3
TATCCCTCGATCTGCA-1	L6
TATCCGCACCGTCGGG-1	L6
TATCCTATCAACTGGT-1	WM
TATCCTGCATGGGAAT-1	L2
TATCGATCTATGCATA-1	L1
TATCGATGATTAAACG-1	L3
TATCTACAGAGGTAAT-1	L4
TATCTACCACAGCGGG-1	L4
TATCTAGCCTAAAGGA-1	L5
TATGAAGAATTAAGGT-1	L5
TATGAAGACAGGTGCG-1	L4
TATGATAAATCTAACG-1	L1
TATGATCCGGCACGCC-1	L1
TATGATCTTCTCTTTA-1	L5
TATGATTCTGCTTGGT-1	L2
TATGCTCCCTACTTAC-1	L3
TATGGAGTTTCTCGTT-1	L2
TATGGATGTGCTACGC-1	L3
TATGGCAGACTTTCGA-1	L1
TATGGCCCGGCCTCGC-1	L4
TATGGGACCGAGCAGG-1	L3
TATGGGTACGTATCGT-1	L3
TATGGTCTGAGTAACA-1	L3
TATGGTTAGTGGGAGA-1	L3
TATGTAAAGTGCTTAA-1	WM
TATGTCAAGACCGACT-1	L1
TATGTCTCATTGTGCC-1	L3
TATTAACCTGACCGCG-1	L6
TATTACCATCCTGCTT-1	L3
TATTATGTTTGCCTGC-1	WM
TATTCAATTCTAATCC-1	L3
TATTCCACTCAGCTCG-1	L5
TATTCCGAGCTGTTAT-1	L5
TATTCCGGCAGTCCTA-1	L1
TATTCCTCCGCCCACT-1	L6
TATTCGTGCCAGAATA-1	L3
TATTGACATTTCTGCC-1	L1
TATTGCCGGGCTTGTA-1	L5
TATTTAGTCTAGATCG-1	L3
TATTTATACCGAGTAG-1	L1
TATTTGATTTGCACAG-1	L3
TATTTGTTACCCTTTA-1	L3
TCAAACAACCGCGTCG-1	L3
TCAAACAATTAGGACA-1	L3
TCAAACTTAGATTGTT-1	L3
TCAAATTGTTGTGCCG-1	L6
TCAAATTTGAGACTCA-1	L6
TCAACAAAGATAATTC-1	L6
TCAACACATTGGGTAA-1	L3
TCAACATAGCGCCCTA-1	L6
TCAACATCGACCGAGA-1	L6
TCAACCATGTTCGGGC-1	L3
TCAACGAGGAGACAAA-1	L4
TCAACGCAGGAAATAA-1	L6
TCAACGCGACCGGCAG-1	L5
TCAACTAACGTATAAC-1	L5
TCAACTGCAGAGTCAG-1	L4
TCAAGAAATACTAGCT-1	L2
TCAAGCGCGGACGGTA-1	L4
TCAAGGTTACTACACC-1	L3
TCAATACAATTGCTGC-1	L5
TCAATACGCCGTCATG-1	L6
TCACAAACCGAGGTAC-1	L5
TCACAGATCCTCAAAC-1	L3
TCACAGCAAACTCGAA-1	L5
TCACAGGAGAATAAGA-1	L6
TCACAGGGAATCGCAA-1	L4
TCACAGGTTATTGGGC-1	L3
TCACATCTTATCTGAT-1	L4
TCACCCTCTTAAGATT-1	L5
TCACCGCTCGGCACTC-1	L3
TCACGATGTCCGTGGA-1	L6
TCACGCATTGTAGATC-1	L3
TCACGGTCATCGCACA-1	L3
TCACGTGCCCGATTCA-1	L3
TCACTACGACCAATGC-1	L1
TCACTATCCCTTCGGT-1	L6
TCACTATCGTGCAATC-1	L1
TCACTCAGCGCATTAG-1	L1
TCACTCGTGCAACGGC-1	L1
TCACTCTTCGTCTGTC-1	L3
TCAGAACCTCCACAGG-1	L2
TCAGAACGGCGGTAAT-1	L6
TCAGACGCTATAGAAG-1	L4
TCAGAGGACGCGTTAG-1	L6
TCAGATGGAGACGTAG-1	L2
TCAGCAAATGCATCTC-1	L3
TCAGCAGTAGGCCCTG-1	WM
TCAGCCAATCCGTAAA-1	L5
TCAGCGCACGCCGTTT-1	L6
TCAGGGCGACTTCCTT-1	L5
TCAGGGCGCAAACTCG-1	L3
TCAGGGTGCACGAAAC-1	L1
TCAGGGTGTAACGTAA-1	L3
TCAGGTTCTTTGAGAA-1	L3
TCAGTACTGACCCGCG-1	L3
TCAGTAGGGACTATAA-1	L5
TCAGTGTATACGTCAT-1	WM
TCAGTTACGGAATGAT-1	L1
TCATACTTACAGATCC-1	L3
TCATATGAGCTTTGTT-1	L6
TCATCACTCGAGCTCG-1	L3
TCATCCCAGAGGGTGG-1	L1
TCATCCTCAGCTGCTT-1	L6
TCATCGACGACCGTCG-1	L6
TCATCGATGGTCCCAA-1	WM
TCATGCAGGTTCTCAT-1	L1
TCATTCGTATAATTTG-1	L2
TCATTTAAGTCTCCGA-1	L3
TCATTTAGAAGTGTGA-1	L4
TCCAACTCAGCTATCT-1	L6
TCCAACTTTAAATTCT-1	L5
TCCAAGCCTAGACACA-1	L6
TCCAATAAAGGCTACC-1	WM
TCCACAATGGTTTACG-1	L3
TCCACATCGTATATTG-1	WM
TCCACCAAGACATAGG-1	L6
TCCACCTCTAGCCTTT-1	L6
TCCACTTTATCTAGGT-1	L3
TCCAGAGCACCGGTTC-1	L3
TCCAGATGTACGCCAA-1	L1
TCCAGCGCTATAAGCG-1	L3
TCCAGGCAGGACGATC-1	WM
TCCAGGCGAGTACGGT-1	L3
TCCAGGGTATATACGA-1	L6
TCCATTAGTTGGATAG-1	L2
TCCATTCCCACTAGAG-1	L1
TCCATTGTGACCTCGT-1	L1
TCCCAAACAGACAACG-1	L1
TCCCAAAGACGAAGGA-1	L3
TCCCAAAGCCCTAAAT-1	L3
TCCCACGGAGGGAGCT-1	L1
TCCCACTCTCTTCCGG-1	L2
TCCCAGCTTTAGTCTG-1	L3
TCCCAGGCTTAGCTAA-1	L3
TCCCGCGTACTCCTGG-1	L3
TCCCGGGTGTGCTGCT-1	L4
TCCCGGTCAGGAATTT-1	L2
TCCCGTCAGTCCCGCA-1	L3
TCCCGTCGCGTCATAG-1	L1
TCCCGTGTGCAATTTG-1	L3
TCCCTAGATCAATAGG-1	L1
TCCCTCCGAAATCGTT-1	L1
TCCCTCTTCTCAAGGG-1	L5
TCCCTGGCGTATTAAC-1	WM
TCCCTGGCTCGCTGGA-1	L4
TCCCTTAGATTACTCG-1	L1
TCCCTTGTCTGAAACT-1	L5
TCCGAACTTGGCTTAC-1	L5
TCCGAAGTAGTCACCA-1	L1
TCCGAATGGTCCTGAG-1	L1
TCCGACCGCTAATCAA-1	WM
TCCGAGAAGGCTAAGC-1	L1
TCCGATAATTGCCATA-1	L2
TCCGATGACTGAGCTC-1	L2
TCCGATGGTGCGACAT-1	L3
TCCGATTACATTGCCG-1	L4
TCCGCAGCCACCTAGC-1	L3
TCCGCCTGTCTACAAG-1	L5
TCCGCGGCAGCATCTG-1	L3
TCCGCGGCCCAATGAA-1	L4
TCCGCTGTCATCCCGG-1	L4
TCCGCTTATCCCATTA-1	L5
TCCGGAGGAAGGGCTG-1	L1
TCCGGCCTAGCGTACA-1	L2
TCCGGCCTGCATCGAT-1	L1
TCCGGGCTTGACGGGA-1	L5
TCCGGTTCGTCCGGTC-1	L5
TCCGTAACCACAATCC-1	L3
TCCGTTAAGCTAATAT-1	L4
TCCGTTTAGCCTTGAA-1	L3
TCCTAAAGATTCAGAC-1	L6
TCCTAAATTGGGAAGC-1	L5
TCCTAACCGTCGGGCA-1	WM
TCCTACATCCACGGCC-1	L3
TCCTAGCAAAGAAGCT-1	L5
TCCTCCTAAGACATTC-1	L6
TCCTCGGGCTGGGCTT-1	L3
TCCTCTACGAGATGGC-1	L3
TCCTCTCCAGTTGTCC-1	L4
TCCTCTGGCCCATTAG-1	L1
TCCTGCCAACTGGAGA-1	L1
TCCTGCGTTGATACTC-1	L5
TCCTGGCGCTGCCTGG-1	L1
TCCTTACGACGGTCCG-1	L3
TCCTTCAATCCCTACG-1	L6
TCCTTCAGTGGTCGAA-1	L1
TCCTTGTCCTTTAATT-1	L6
TCCTTTAAATCCGCTT-1	L5
TCCTTTCTTACGCTTA-1	L3
TCGAAATTTAGGACCA-1	L3
TCGAAGAACCGAGCAC-1	L3
TCGAATATCCCGCAGG-1	WM
TCGAGACCAACACCGT-1	L4
TCGAGCCAGGCAGGCC-1	WM
TCGATAGGCTAGTCGC-1	L1
TCGATTTACGAAACGA-1	WM
TCGCAAAGATGCATTT-1	L4
TCGCACCAGGAGGCAG-1	L4
TCGCACTAACGTTTGT-1	L3
TCGCATAAAGGGCGCA-1	L5
TCGCATCCCTAAGTGT-1	L3
TCGCATTCAATGACTT-1	L3
TCGCCCAACTGACTCC-1	L1
TCGCCCACTGCGAGAG-1	L5
TCGCCGAAGTTGCGTC-1	L5
TCGCCGACATATTCGC-1	L6
TCGCCGCACCGCGTGA-1	L6
TCGCCGGATGGGCAAG-1	L5
TCGCCGGTCGATCCGT-1	L3
TCGCCTCCTTCGGCTC-1	L6
TCGCCTCGACCTGTTG-1	L3
TCGCGTAGCAGTGTCC-1	L5
TCGCGTCCAGAAGGTC-1	L4
TCGCTAAACCGCTATC-1	L1
TCGCTACTGGCTTTGA-1	L6
TCGCTCGATATATTCC-1	L3
TCGCTCGGCACCAGCG-1	L1
TCGCTGCCAATGCTGT-1	L6
TCGCTGGGCGGATTGT-1	L3
TCGCTGTGCGTAAATC-1	L3
TCGCTTAATTACGAAG-1	L1
TCGCTTTAAACGTTTG-1	L2
TCGGAATGACCATCAA-1	L1
TCGGAATGCGCTCTGA-1	L4
TCGGACGCCCAGCCCA-1	L3
TCGGAGAGTATCGGGA-1	L6
TCGGAGTACATGAGTA-1	L3
TCGGCGAACCCAAACC-1	L3
TCGGCGGTATTAGATT-1	L3
TCGGCGTACTGCACAA-1	WM
TCGGCTAACTTCCCTT-1	L1
TCGGCTTGTATCGACG-1	L5
TCGGGAACGTGCCTAG-1	L1
TCGGGAGACAGCGTAC-1	L5
TCGGGATTCAAACATA-1	L5
TCGGGCACTTCTGGAT-1	L1
TCGGGCCGTCGTGGTA-1	L3
TCGGGTGAAACTGCTA-1	L1
TCGGTCCCGACAATAG-1	WM
TCGGTCCCTGACTCCA-1	L1
TCGGTGACCGCTCCGG-1	L1
TCGGTTAGCCATGTAG-1	L1
TCGTAACTCCCAAGAC-1	L5
TCGTAAGACGACATTG-1	L3
TCGTAAGCTCCGAGGA-1	L1
TCGTACCGACGTCAAG-1	WM
TCGTATAGTGCAATTA-1	L1
TCGTATCACCAAGCTA-1	L3
TCGTATTACCCATTGC-1	L5
TCGTATTTCGTCCGGA-1	L1
TCGTCAAGTACGCGCA-1	L6
TCGTCACACTGTTAGC-1	L4
TCGTCCGCTGGCGTCT-1	L3
TCGTCCGGGTACACTC-1	L2
TCGTCTTAGGCGTTAA-1	L5
TCGTGTACTATGGATG-1	L4
TCGTGTATTGGTCACG-1	L3
TCGTGTCACGCTGACA-1	L5
TCGTGTTCGACCACAA-1	L4
TCGTTAGGAGTCCCTA-1	L5
TCGTTCGTTATTATGT-1	L1
TCGTTGACAGGGTCCC-1	L5
TCGTTGCTATCCGGTC-1	L6
TCGTTGGCTCGTCAAT-1	L3
TCGTTTACGCGACCCT-1	L6
TCTAACTGTATGTAAA-1	L5
TCTAATACTGCCTCAG-1	WM
TCTACACGTTCATGCA-1	L1
TCTACCCAATAGAGAG-1	L4
TCTACCGTCCACAAGC-1	L3
TCTACGGGCTCAGTTG-1	L1
TCTAGCAATCTCCGCC-1	L5
TCTAGCATCTTCGATG-1	L3
TCTAGCATGCCCAGAA-1	L5
TCTAGGTGGCGACGCT-1	L2
TCTAGTGATATCGTGG-1	L3
TCTAGTTATCAGAAGA-1	L3
TCTATAGGTGGGTAAT-1	L5
TCTATCATGCAGTTAC-1	L3
TCTATCCGATTGCACA-1	L6
TCTATCGGTCGCAACA-1	L3
TCTATGCTATAACGAC-1	L5
TCTATTACGCTGGCGA-1	L3
TCTATTACTAGAGGAT-1	L5
TCTCAAATCAATCGGG-1	L6
TCTCATGAGATAGGGT-1	L4
TCTCCAACGTAGGTTA-1	L2
TCTCCACAAGTTGAAT-1	L5
TCTCCCTGGGCAGCGT-1	L5
TCTCGAACGAGGTCAC-1	L1
TCTCGACGTATCGCCG-1	L3
TCTCGAGGAGGTTCGC-1	L3
TCTCGGCTCCAGGACT-1	L3
TCTCGTGTTACGAGGA-1	L6
TCTCTAATAGCTGGTA-1	L3
TCTCTCGCCGCACATA-1	L4
TCTCTTACCGCGAACC-1	WM
TCTGAACCGGTCGGCT-1	L3
TCTGAACTCGTACCCG-1	L3
TCTGAAGCACGTGGTC-1	L5
TCTGAATTCCGTACAA-1	L3
TCTGACTGTAATGGTT-1	L3
TCTGAGCAATTGACTG-1	L3
TCTGATCGGGTGCTAG-1	L1
TCTGATGTATTCTGTC-1	L4
TCTGCAGATTCGAGTC-1	L5
TCTGCATACCTTGCTT-1	L5
TCTGCCAGAAACTGCA-1	L3
TCTGCGAATCGTTCGC-1	L1
TCTGCGTCCGGTTTCT-1	L3
TCTGGCGCAAGCCGGG-1	L5
TCTGGGAACCTTTGAA-1	L3
TCTGGGTAGCGCTCAT-1	L5
TCTGTCATACAAGAGC-1	L2
TCTGTGACTGACCGTT-1	L2
TCTGTGATGGAGGTTG-1	L2
TCTGTGCCATCATAGT-1	L3
TCTGTGGCTACATTTC-1	L1
TCTGTTACCCAGCATA-1	L6
TCTTAACTCGGATGTA-1	L3
TCTTACAGAGGTACCG-1	L3
TCTTACCGGAACTCGT-1	L1
TCTTACGGCATCCGAC-1	L3
TCTTACTTATGCCTCT-1	L3
TCTTAGAGCTCCAATT-1	L3
TCTTAGAGTGAACTCT-1	L3
TCTTATGGGTAGTACC-1	L1
TCTTCCCATGGGCACA-1	L3
TCTTCGAATAGACGTT-1	L3
TCTTCGATACCAATAA-1	L3
TCTTCGCGGTGAGAGG-1	L4
TCTTCTATAACCCGCC-1	L3
TCTTGATGCGTAGCGA-1	L3
TCTTGCTCCCGATACT-1	L6
TCTTGGTAACACCAAA-1	L3
TCTTTAAGACTATGAA-1	L3
TCTTTAGAGTCTAACA-1	L3
TCTTTAGCAGGCGAAC-1	L1
TCTTTCTCTTAAGGAG-1	L1
TGAAACCTCAACTCAC-1	L1
TGAAACTTATGCAAGC-1	L1
TGAAAGGACCTGACTC-1	L3
TGAACAAGCAGGGACT-1	WM
TGAACACCCGAAGCAG-1	L2
TGAACTGCTATGACTT-1	L6
TGAAGAGCGGTCCTAG-1	L3
TGAAGTAGCTTACGGA-1	L3
TGAATACCGACGCGTA-1	L6
TGAATATGCTATAAAC-1	L1
TGAATGAGATACAGCA-1	L1
TGAATGAGTGTTTCCC-1	WM
TGAATGTCAGCCGGCC-1	L3
TGAATTTCACTTGCCT-1	L6
TGACACTTCTCTTTGC-1	L1
TGACATATATGACGAT-1	L6
TGACATCGAGCGGACC-1	L3
TGACATGTAACGTGAC-1	WM
TGACCAAATCTTAAAC-1	L6
TGACCAGCTTCAAAGT-1	L1
TGACCCAACTCACATT-1	L1
TGACCCACGTTAGACA-1	L3
TGACCCAGCATTCCCG-1	L2
TGACGAATATTTCCCT-1	L6
TGACGATGCACTAGAA-1	L3
TGACTATAATCCTTTC-1	L4
TGAGAATGCTTTACCG-1	L3
TGAGACGTACCTCTCA-1	L6
TGAGAGATTTACCACG-1	L3
TGAGATCAAATACTCA-1	L1
TGAGATTAGGCCCTAA-1	L1
TGAGCAGTCGTGAAGT-1	L1
TGAGCCATACAGTCTC-1	L5
TGAGCGGAAAGTGTTC-1	L5
TGAGCTTTAATGACGC-1	L1
TGAGGAGTGCCAGCTT-1	L6
TGAGGTGTGTGGCGGA-1	WM
TGAGGTTGATCCCAAG-1	L1
TGAGTAAATTAGCGTA-1	L5
TGAGTGCCTCTTAAAT-1	L5
TGAGTGGTCCGTGACG-1	L3
TGAGTGTAACAACGGG-1	L6
TGAGTTAAAGACATTC-1	L3
TGATACATTTAGCCGT-1	L6
TGATAGCGGGATTCTA-1	L5
TGATCACCACACTGAC-1	WM
TGATCAGGGAACTGCT-1	L5
TGATCCCAGCATTAGT-1	L1
TGATCGGTTTGACCCT-1	L3
TGATCTACGCTGATCT-1	L1
TGATCTATCACACTCT-1	L6
TGATCTCCGGCGCCAG-1	L3
TGATGCTCACGTAGTC-1	L3
TGATGGCTGTTTCTGA-1	L1
TGATGTCAATTAAGTG-1	L5
TGATTATGGCACGCAG-1	L1
TGATTCAGGTCCCGCG-1	L6
TGATTCCCGGTTACCT-1	WM
TGATTCGTCTATCACT-1	L3
TGATTCTGTCGCCGGT-1	L5
TGATTTATTAGCTGTG-1	L5
TGATTTCCTCCTGACG-1	L3
TGCAAACCCACATCAA-1	L1
TGCAAAGTTCGTCTGT-1	WM
TGCAACCCATCTGCGG-1	L5
TGCAACTACTGGTTGA-1	L6
TGCAAGAATGACGTAA-1	L3
TGCAATCTAACACGGT-1	L5
TGCAATTTGGGCACGG-1	L1
TGCACAGTGAAGTTAT-1	L1
TGCACGAGTCGGCAGC-1	L1
TGCACTATGTGAGTGC-1	L3
TGCAGAACTATATCGT-1	L5
TGCAGAGTACCGAGCA-1	L4
TGCAGATCGTCCTAGG-1	L5
TGCAGCTACGTACTTC-1	L6
TGCAGGATCGGCAAAG-1	L3
TGCAGTGAGGCTCGGG-1	L1
TGCAGTTTCCTCCCAT-1	L3
TGCATATGTCTGTCAC-1	L3
TGCATCTCCGGATCTT-1	L3
TGCATGGATCGGATCT-1	L2
TGCATGGCAGTCTTGC-1	L3
TGCATGTGACCCATAG-1	WM
TGCATGTGGTAATCTA-1	L3
TGCCAAAGTCAGACTT-1	L6
TGCCAATGGGTACTCT-1	L6
TGCCACACTAGAGGAA-1	L6
TGCCACCTGGCGAAAC-1	L2
TGCCAGTACGTGGAGA-1	L5
TGCCATGGCTTATAAG-1	L1
TGCCATTACTAAAGAA-1	L1
TGCCCGATAGTTAGAA-1	L6
TGCCCGTACCGTTAAA-1	L4
TGCCGAAAGCGTATTC-1	L1
TGCCGGATGTACGAGC-1	WM
TGCCGTGGATCGTCCT-1	L5
TGCCGTGGGACCCAAT-1	WM
TGCCTAATTGAAGATT-1	L4
TGCCTGACATCGGTCA-1	L3
TGCCTGATCAAACGAT-1	L2
TGCCTTGGCCAGGCAA-1	L4
TGCGAATATGGGATTT-1	L6
TGCGACACCCTAGTGC-1	L5
TGCGACGGCCGAACGT-1	WM
TGCGAGAATATTACCC-1	L6
TGCGAGATGGCGGCCA-1	L1
TGCGAGCCCTTCCGCG-1	L1
TGCGATGCTAATGGCT-1	L3
TGCGCAAAGCATTTGG-1	L3
TGCGCGATTAACGGAG-1	L3
TGCGGACTTGACTCCG-1	L6
TGCGGAGTAAAGGTGC-1	L3
TGCGGCATAGTTCAAC-1	L2
TGCGGGTATTGGGATC-1	L1
TGCGGTCTACGAGTAA-1	L2
TGCGGTGAAATTTCAT-1	L1
TGCGTAAGAACCTGAT-1	L5
TGCGTACGGCTAATTG-1	L5
TGCGTCATGACTGAGC-1	WM
TGCGTGATTGGGTGTC-1	L3
TGCGTTTGTTGACACT-1	L3
TGCTAAGTGTCTATTT-1	L4
TGCTATACAAACGGAC-1	L1
TGCTCACACAACAACC-1	L3
TGCTCCACAGTTCTTA-1	L3
TGCTCGGCGAAACCCA-1	L6
TGCTCGGTGGGTCACC-1	L6
TGCTCTTGAGAGTTTG-1	L6
TGCTGCGTCAGAGTTA-1	L2
TGCTGGTTGGACAATT-1	L3
TGCTGTTGAAGAACTC-1	L3
TGCTTAGAGAGAATGC-1	WM
TGCTTCCCAAGCAGTA-1	L6
TGCTTGAAACCATGCA-1	L3
TGGAAACGGAGTGAAC-1	L3
TGGAACCACTGACACA-1	L1
TGGAAGAAGGGAACGT-1	L5
TGGAAGACGAACACCA-1	L3
TGGAAGGATAAAGATG-1	L2
TGGAATATCCTTGACC-1	L1
TGGAATTAGACGCTTT-1	L4
TGGACACCGTTGCTTG-1	L3
TGGACCAATCTAAGAT-1	L5
TGGACCACGGCGTTGA-1	L3
TGGACGCAATCCAGCC-1	WM
TGGACGTAGGCGAATC-1	L3
TGGACTGTTCGCTCAA-1	L3
TGGAGCTAAAGTTCCC-1	L1
TGGAGGGAAACACCTC-1	L1
TGGAGTGATGCGATGA-1	L3
TGGATAGAGTAACAGA-1	L3
TGGCAAACTAAATTAC-1	L4
TGGCAACTCGCGCGCC-1	L1
TGGCAAGCACAAGTCG-1	WM
TGGCAATGGGACGGCG-1	L4
TGGCACGAGCTCGAGT-1	L1
TGGCAGATTACGATCA-1	L4
TGGCAGCAGTAATAGT-1	L4
TGGCCAAACTGAAGTA-1	L3
TGGCCAATTTGGTACT-1	WM
TGGCCGTATATTGACC-1	L3
TGGCGACTGCTCCAAA-1	L6
TGGCGATCAAGTTATG-1	L5
TGGCGGTGTGCGATTG-1	L2
TGGCTACACTCTACCT-1	L5
TGGCTATGTGACATAC-1	L5
TGGCTCTTGTCGCGTA-1	L6
TGGCTTGTACAAGCTT-1	L1
TGGCTTTGGGTAGACA-1	L3
TGGGAAATGCCTTTCC-1	L3
TGGGATGCACTCATTC-1	L1
TGGGCAATAGTTGGGT-1	L3
TGGGCACAAACAGAAC-1	L2
TGGGCACGTTCTATGG-1	L1
TGGGCAGGCCACCGCA-1	L3
TGGGCCACAAGAGCGC-1	L2
TGGGCCCATACTAATT-1	L3
TGGGCCTTGCCTGCAT-1	L3
TGGGCGATACAATAAG-1	WM
TGGGTAAGGTTCCCGC-1	L1
TGGGTGCACAAGCCAT-1	L6
TGGGTGGGATGTCATT-1	L1
TGGGTGTAATAGATTT-1	L6
TGGGTGTTAAGTAGAA-1	WM
TGGGTTCCCGGACGGA-1	L4
TGGTAAGCAGGATTGA-1	L6
TGGTAGAATATATGGG-1	L3
TGGTATCGCATCCCAA-1	L1
TGGTATCGGTCTGTAT-1	L1
TGGTCCCACGCTACGG-1	L5
TGGTCGTGCAAGGCAA-1	L6
TGGTCGTTTGATAGAT-1	L3
TGGTCTAGCTTACATG-1	L4
TGGTCTGTTGGGCGTA-1	L5
TGGTGATCGTATTTGT-1	L4
TGGTTAAGGGCGCTGG-1	L1
TGGTTATGCTTGCGGT-1	L5
TGGTTCAACGGGTAAT-1	L5
TGGTTCGTAGCAAAGG-1	L3
TGGTTGGAGGATCCTG-1	L1
TGGTTTAAACGTGGGT-1	L1
TGTAACTTGTCAACCT-1	L1
TGTAATGACCACAATA-1	L5
TGTAATGCCTTCGGAC-1	L2
TGTACCTACACGAGGG-1	L5
TGTACGAACAAATCCG-1	L4
TGTACGCTATCAGCTT-1	L1
TGTACTACTCTCACGG-1	L1
TGTACTGTGCCAAAGT-1	L1
TGTAGCCAATTCCGTT-1	L6
TGTAGCCATCCCATTC-1	L5
TGTAGGAGAAATTTCC-1	L3
TGTAGTGATCTATAAT-1	L4
TGTATAACAGATCCTG-1	L3
TGTATCAGACTGAAGC-1	L1
TGTATCCTTATTCCAT-1	L2
TGTATGGCGCAGACAG-1	L3
TGTATTTACCTAATGC-1	L1
TGTCATTTGTTGGGAA-1	L1
TGTCCACGGCTCAACT-1	L5
TGTCCCGACATAGCAC-1	L1
TGTCCGTGGCGCCTTT-1	L5
TGTCCTAAGTCACCGC-1	L4
TGTCGGCATGGTGGAA-1	L3
TGTCGTGGGTATAGGC-1	WM
TGTCTACAGTTTCTGT-1	L2
TGTGACTACGCCAGTC-1	L2
TGTGACTAGAGTTTGC-1	L5
TGTGAGACTAGCCCAA-1	L6
TGTGATTCCAGCGCTT-1	L2
TGTGCCGGTGCCGGAA-1	L4
TGTGCTTTACGTAAGA-1	L5
TGTGGAGGAAGCTTAA-1	L1
TGTGGCAAAGCGTATG-1	L3
TGTGGCGGGCTTCTGG-1	WM
TGTGGCTCCCACCAAC-1	L3
TGTGGTTGCTAAAGCT-1	WM
TGTGTAGTAGCACGTG-1	L4
TGTGTCGCGAGTTGCA-1	L3
TGTGTTCGTATCCAAG-1	L4
TGTTATTGTATGTGGC-1	L3
TGTTCATAAATGTGCT-1	L5
TGTTCCGCTTCCATGA-1	L4
TGTTCCGGCCTGAGCT-1	WM
TGTTCGTATTGCGGTG-1	L5
TGTTCTCTACTCCCTA-1	L1
TGTTCTTCCATTGACT-1	L4
TGTTGATCACTGTTTA-1	L3
TGTTGTCAAGAAGTCT-1	L2
TGTTTAATACTTCATC-1	L1
TGTTTCGGTACTTCTC-1	L3
TGTTTGAGATCGTCAG-1	L3
TTAAACAGAGTCCCGC-1	L3
TTAAACCGGTAGCGAC-1	L1
TTAAACCTGGTTCCTT-1	L4
TTAAACTCGAATTCAT-1	L3
TTAAAGTAAGTCGCCA-1	L6
TTAACACCTCGAACAT-1	L3
TTAACCAACCCTCCCT-1	L3
TTAACGAACAAGCAGT-1	L1
TTAACGTCGCAAGACC-1	L1
TTAACGTTAAAGCCTG-1	L5
TTAACTCACGCGTGGA-1	L4
TTAACTTCAGGTAGGA-1	L6
TTAAGACGAACGAACC-1	L1
TTAAGATAGGATTGAC-1	L3
TTAAGCCGACAACTTC-1	L1
TTAAGCGCCTGACCCA-1	L3
TTAAGGATACGGAGGT-1	L2
TTAAGGCCCGTACTTT-1	WM
TTAAGTATTGTTATCC-1	L5
TTAATCAGTACGTCAG-1	L1
TTAATGCGAGGTAACT-1	L1
TTAATGTAGACCAGGT-1	L3
TTAATGTGTTTGCAGG-1	L3
TTAATTGCTTTGGGTG-1	L6
TTAATTTCAGACGCGG-1	L2
TTACAACTACGCATCC-1	L3
TTACACGATCTGCGAC-1	L5
TTACAGACCTAAATGA-1	L1
TTACATCGTGGCCTGG-1	L3
TTACATGCCACAACTA-1	L3
TTACCATTGATTACCC-1	L4
TTACCCATTGCCGGGT-1	L1
TTACCCTAACAGTCCT-1	L3
TTACCCTAGGGATTGG-1	L6
TTACCGCCTTAGGGAA-1	L3
TTACGGATGGTTCGAG-1	L3
TTACGGTGTCACCGAG-1	L1
TTACGTAGCGCGTGCT-1	L2
TTACGTATCTATGACA-1	L5
TTACTAAAGGACTTTA-1	L4
TTACTATCGGCTTCTC-1	L5
TTACTCCGGCCGGGAA-1	L3
TTACTCTGGTACGTAC-1	L5
TTACTGGGATATTTCA-1	L5
TTACTGTCTAGAGCTC-1	L1
TTACTGTTTCTCTACG-1	L1
TTAGAAGAACATGACT-1	L5
TTAGAATAAGGGTCGG-1	WM
TTAGACACGATCGTTG-1	L1
TTAGACGAGTCACCTC-1	L4
TTAGAGTTTAGAAGGA-1	L3
TTAGATAGGTCGATAC-1	L3
TTAGCAACATGGATGT-1	L3
TTAGCTAATACGATCT-1	L1
TTAGCTCTGTAATCCG-1	L5
TTAGCTGATTTGCCGT-1	L3
TTAGGTCATAACCGAC-1	WM
TTAGTAAACCTGCTCT-1	L5
TTAGTAGGGCGGCGGG-1	L5
TTAGTTATTCGTGGCA-1	L3
TTAGTTCAAGTGTTCG-1	L1
TTATAGATGCACATTA-1	L1
TTATAGGTAATTGTCT-1	L6
TTATAGTCCAAGGTGC-1	L2
TTATATACGCTGTCAC-1	L3
TTATATTTGGCAATCC-1	L3
TTATCATACTCGCAAA-1	L1
TTATCCAATCGAACTC-1	L3
TTATCCGGGATCTATA-1	L4
TTATCCTCAAGGAATA-1	WM
TTATCGCCTGCGAAGC-1	L4
TTATCTGACATTAGGA-1	L6
TTATCTGTATCATAAC-1	L3
TTATGAATGAAAGGGA-1	L4
TTATGACAAACTGGAT-1	L3
TTATGATCTTAACGAA-1	L3
TTATGCGTCCCGGTCC-1	L1
TTATGTTTGCGATAGA-1	L4
TTATTAGAGCGTGTTC-1	L4
TTATTAGGGAAGCATC-1	L2
TTATTTCATCCCAAAC-1	L1
TTCAAAGTCTCTAGCC-1	L3
TTCAACGACCCGACCG-1	L3
TTCAAGCCGAGCTGAG-1	L1
TTCAATACTCTGAATC-1	L3
TTCAATTAGCCATAAT-1	L1
TTCACGAAAGGATCAC-1	L4
TTCACTCGAGCACCTA-1	L5
TTCACTTCCTAGAACG-1	WM
TTCAGAGTAACCTGAC-1	L3
TTCAGCCCTGGTCCAC-1	L4
TTCAGCTGGCGTGCCC-1	L4
TTCAGGCGTCAAAGCC-1	L5
TTCAGTTCAAGAGGAG-1	WM
TTCAGTTTGTGGCAGC-1	L5
TTCATAGCCTTGTAAC-1	L3
TTCATAGGGTGTCCAT-1	L3
TTCATGGCGCAACAGG-1	L2
TTCCAATCAGAGCTAG-1	L1
TTCCAATCTGGCTATC-1	L5
TTCCACACAGATTTGA-1	L5
TTCCACATTTCTCGTC-1	L1
TTCCAGACGAGATTTA-1	L3
TTCCATCATGCGGTGA-1	L1
TTCCATCGACAGCGTG-1	L5
TTCCCGACGCTTCACT-1	L1
TTCCCGGCGCCAATAG-1	L6
TTCCGCAGAGAAATAT-1	L1
TTCCGCGTGAGGCGAT-1	L4
TTCCGGCCTTGAGGCT-1	L6
TTCCGGCTCGACTTCT-1	L1
TTCCGGTATCTGTGTC-1	L3
TTCCGGTTACCCACTT-1	L3
TTCCTCGAGGGTGTCT-1	L3
TTCCTCGGACTAACCA-1	L4
TTCCTCTGCCCGAATA-1	L5
TTCCTTTCTGTGTTGC-1	L3
TTCGACAGAGCCCGTG-1	L5
TTCGACGGGAAGGGCG-1	L3
TTCGAGCCGGCGCTAC-1	L2
TTCGCACTCGCGTGCT-1	L3
TTCGCACTGTACGACA-1	L6
TTCGCATCCGGAAGCA-1	L3
TTCGCGCGCCATACGA-1	L6
TTCGCTAGGAAGTTGT-1	L3
TTCGCTATCTGACGTG-1	L1
TTCGGACTGATGCCTT-1	L1
TTCGGCAACCCGCTGA-1	L1
TTCGGCTAGAGATGGT-1	L3
TTCGGGACTAATCGCG-1	L3
TTCGGGCGCTAGTCTT-1	L6
TTCGGGTTGCCACGGG-1	L5
TTCGGTACTGTAGAGG-1	WM
TTCGTAATCCCAGCGG-1	L1
TTCGTACTCCAGAACG-1	L4
TTCGTGGGCTGGAAGC-1	L3
TTCGTTCAACGAAGTT-1	L1
TTCTAACCGAAGCTTA-1	L3
TTCTACCTTTATGTTG-1	L1
TTCTACTTGCGAGGGC-1	L3
TTCTAGAAAGTCTTAT-1	WM
TTCTAGGCCAATTGTG-1	L3
TTCTATTAAACGCAGC-1	WM
TTCTGACCGGGCTCAA-1	L4
TTCTGCCGCGCCTAGA-1	L5
TTCTGCGAGCGCCCTT-1	L5
TTCTGCGGGTTAGCGG-1	L3
TTCTGCTAGACTCCAA-1	L1
TTCTGTTTCCTGTCGC-1	L3
TTCTTAGTGAACGGTG-1	L3
TTCTTAGTGGCTCAGA-1	L2
TTCTTATCCGCTGGGT-1	L3
TTCTTCCCTTTGATAT-1	L1
TTCTTCGCAATAGAGC-1	L1
TTCTTGAGCCGCGCTA-1	L5
TTCTTGCTAGCATCTC-1	L3
TTCTTGGACGATCTGC-1	L6
TTCTTGGAGTAATGAG-1	L2
TTCTTGTAACCTAATG-1	L3
TTCTTGTGTCCATCAG-1	L5
TTCTTTGGTCGCGACG-1	L1
TTGAAAGGTGTAAAGG-1	L1
TTGAACGAATCCTTTG-1	L3
TTGAACGACGTGCTGA-1	L5
TTGAAGAATTCCCAGG-1	L3
TTGAATATGGACTTTC-1	L3
TTGAATCGTTGTATAA-1	L6
TTGAATTCACGTGAGG-1	L3
TTGACAGGAGCTCCCG-1	L3
TTGACATGAACGTGGA-1	L5
TTGACCAGGAACAACT-1	L6
TTGACCATGTTCTCCG-1	L3
TTGACCGTGTTAATGA-1	L6
TTGACGATTCAGCACG-1	L1
TTGACGCTCCATGAGC-1	L3
TTGACTACCATATGGT-1	L5
TTGACTATTGTCCGGC-1	L3
TTGAGAAGTTTAGCAT-1	L5
TTGAGAGTACTGCTAA-1	L5
TTGAGCAGCCCACGGT-1	L3
TTGAGCGCCACGTGAT-1	L2
TTGAGGCATTTAACTC-1	L1
TTGAGGGTCGAACGCG-1	L3
TTGAGTCCCGCTGCTG-1	L2
TTGATAGTCAATACAT-1	L1
TTGATCTAACTTTGTC-1	L3
TTGATGCCGCTCGTCG-1	WM
TTGATGTGTAGTCCCG-1	L2
TTGATTAGCTGTTTCT-1	L6
TTGATTATGCAGATGA-1	L3
TTGCAAGAAGACTCCT-1	WM
TTGCACAATTCAGAAA-1	L4
TTGCACGGAGCAGCAC-1	L3
TTGCAGGTCATGAAGT-1	L3
TTGCATGCTGATCACG-1	L5
TTGCCAAGCAGAACCC-1	L3
TTGCCATAGCCCGCTC-1	WM
TTGCCCTGATCACGGG-1	L4
TTGCCGCTTTCTAGTA-1	L6
TTGCCGGTGATCCCTC-1	L1
TTGCCTTCTCGCCGGG-1	L5
TTGCGCTCTCTCGCTT-1	L4
TTGCGCTTGATCAATA-1	L6
TTGCGGCATCAGAAAG-1	L6
TTGCGGCGACTCATGC-1	L1
TTGCGTAGTTTGAGGA-1	L4
TTGCGTCGGCCAACCG-1	L6
TTGCGTGAACGCTTAG-1	L1
TTGCGTGTGTAGGCAT-1	L6
TTGCTAGCTACCAATC-1	L1
TTGCTCATAGTACGTG-1	L5
TTGCTCCCATACCGGA-1	L3
TTGCTGAAGGAACCAC-1	L3
TTGCTGATCATGTTCG-1	L3
TTGCTGCACCTATCCA-1	L3
TTGCTGGCCGGGCTTC-1	L1
TTGGAAGAATACAGTC-1	L6
TTGGACATGTGGCTTA-1	L5
TTGGACCATCTGGCAA-1	L3
TTGGACCTATAACAGT-1	L5
TTGGAGTCTCCCTTCT-1	L2
TTGGATATCGTCTACG-1	L5
TTGGATCGACTTCTGG-1	L1
TTGGATTGGGTACCAC-1	L3
TTGGCCAAATTGTATC-1	L6
TTGGCCATCTTGCGCT-1	L3
TTGGCCTAGAATTTCG-1	L1
TTGGCGATCCGAATAT-1	L1
TTGGCTCAATATGTGT-1	L5
TTGGCTCGCATGAGAC-1	L3
TTGGGAAGACGAGCCG-1	WM
TTGGGACACTGCCCGC-1	L3
TTGGGACGTAAGAGTT-1	L3
TTGGGCGGCGGTTGCC-1	L3
TTGGGTTTATTCAGCG-1	L1
TTGGTATGGCTTGTGT-1	L1
TTGGTCACACTCGTAA-1	L5
TTGGTGCGGTGTTGAA-1	L3
TTGGTTCGCTCAAAGG-1	-1
TTGGTTGCGGTGCGCG-1	WM
TTGTAACTTCATAGCG-1	L3
TTGTAAGGACCTAAGT-1	L5
TTGTAAGGCCAGTTGG-1	L3
TTGTAATCCGTACTCG-1	L3
TTGTATCACACAGAAT-1	L1
TTGTCGTTCAGTTACC-1	L3
TTGTGAACCTAATCCG-1	L5
TTGTGAGGCATGACGC-1	L6
TTGTGATCTGTTCAGT-1	L5
TTGTGCAGCCACGTCA-1	L6
TTGTGGCCCTGACAGT-1	L3
TTGTGGTAGGAGGGAT-1	L6
TTGTGGTGGTACTAAG-1	L5
TTGTGTATGCCACCAA-1	L5
TTGTGTTTCCCGAAAG-1	L5
TTGTTAGCAAATTCGA-1	L3
TTGTTCAGTGTGCTAC-1	L3
TTGTTCTAGATACGCT-1	L4
TTGTTGTGTGTCAAGA-1	L3
TTGTTTCACATCCAGG-1	L6
TTGTTTCATTAGTCTA-1	WM
TTGTTTCCATACAACT-1	L6
TTGTTTGTGTAAATTC-1	L1
