Id,Expected
AAACAAGTATCTCCCA-1,2
AAACACCAATAACTGC-1,4
AAACAGAGCGACTCCT-1,2
AAACAGCTTTCAGAAG-1,4
AAACAGGGTCTATATT-1,4
AAACATTTCCCGGATT-1,4
AAACCACTACACAGAT-1,2
AAACCCGAACGAAATC-1,4
AAACCGGAAATGTTAA-1,4
AAACCGGGTAGGTACC-1,4
AAACCGTTCGTCCAGG-1,4
AAACCTAAGCAGCCGG-1,6
AAACCTCATGAAGTTG-1,4
AAACGAAGAACATACC-1,2
AAACGACAGTCTTGCC-1,4
AAACGAGACGGTTGAT-1,4
AAACGCCCGAGATCGG-1,2
AAACGGGCGTACGGGT-1,5
AAACGGTTGCGAACTG-1,7
AAACGTGTTCGCCCTA-1,2
AAACTAACGTGGCGAC-1,2
AAACTCGGTTCGCAAT-1,7
AAACTCGTGATATAAG-1,2
AAACTGCTGGCTCCAA-1,4
AAACTTAATTGCACGC-1,1
AAACTTGCAAACGTAT-1,4
AAAGACATGAAGTTTA-1,1
AAAGACCCAAGTCGCG-1,2
AAAGACTGGGCGCTTT-1,4
AAAGCTTGCCTACATA-1,2
AAAGGCCCTATAATAC-1,4
AAAGGCTACGGACCAT-1,7
AAAGGCTCTCGCGCCG-1,6
AAAGGGATGTAGCAAG-1,2
AAAGGGCAGCTTGAAT-1,2
AAAGGTAAGCTGTACC-1,2
AAAGGTCAACGACATG-1,2
AAAGTAGCATTGCTCA-1,4
AAAGTCACTGATGTAA-1,1
AAAGTCGACCCTCAGT-1,4
AAAGTGTGATTTATCT-1,4
AAAGTTGACTCCCGTA-1,2
AAATAACCATACGGGA-1,2
AAATAAGGTAGTGCCC-1,2
AAATACCTATAAGCAT-1,4
AAATAGCTTAGACTTT-1,2
AAATAGGGTGCTATTG-1,4
AAATCCGATACACGCC-1,6
AAATCGTGTACCACAA-1,4
AAATCTAGCCCTGCTA-1,4
AAATGATTCGATCAGC-1,2
AAATGCTCGTTACGTT-1,2
AAATGGCATGTCTTGT-1,2
AAATGGCCCGTGCCCT-1,4
AAATGGTCAATGTGCC-1,4
AAATGTATCTTATCCC-1,3
AAATGTGGGTGCTCCT-1,1
AAATTAACGGGTAGCT-1,4
AAATTAATAAGCGCGA-1,3
AAATTACACGACTCTG-1,2
AAATTACCTATCGATG-1,2
AAATTCCAGGTCCAAA-1,1
AAATTGATAGTCCTTT-1,4
AAATTGCGGCGGTTCT-1,1
AAATTGGTGAGAAGCA-1,1
AAATTTACCGAAATCC-1,4
AAATTTGCGGGTGTGG-1,4
AACAACTGGTAGTTGC-1,4
AACAATACATTGTCGA-1,6
AACAATTACTCTACGC-1,4
AACACACGCTCGCCGC-1,4
AACACGACTGTACTGA-1,1
AACACGAGACGCGGCC-1,4
AACACGCGGCCGCGAA-1,1
AACAGCTGTGTGGCAA-1,5
AACAGGAAATCGAATA-1,2
AACAGGATGGGCCGCG-1,4
AACAGGTAGTATGGAT-1,4
AACATATCAACTGGTG-1,1
AACATCGATACGTCTA-1,1
AACATTGAAGTTGATC-1,4
AACATTGTGACTCGAG-1,7
AACCAAGACTTCTCTG-1,4
AACCAGTATCACTCTT-1,1
AACCATAGGGTTGAAC-1,4
AACCATGGGATCGCTA-1,1
AACCCAGAGACGGAGA-1,2
AACCCATCCCATGATC-1,4
AACCCGACAACCCGTG-1,7
AACCCGAGCAGAATCG-1,4
AACCCGATAGGGCTTC-1,3
AACCCTACTGTCAATA-1,4
AACCCTGGTGGAACCA-1,2
AACCGAGCTTGGTCAT-1,2
AACCGCTAAGGGATGC-1,4
AACCGTTGTGTTTGCT-1,2
AACCTAAAGCCGTCCG-1,2
AACCTCGCTTTAGCCC-1,6
AACCTGTCACGGAATT-1,2
AACCTTTAAATACGGT-1,5
AACCTTTACGACGTCT-1,2
AACGAAAGTCGTCCCA-1,4
AACGATAATGCCGTAG-1,5
AACGATAGAAGGGCCG-1,2
AACGATATGTCAACTG-1,2
AACGCATGATCTGGGT-1,4
AACGCGAACGGCAACA-1,1
AACGCGACCTTGGGCG-1,7
AACGCGGTCTCCAGCC-1,2
AACGCTGTTGCTGAAA-1,4
AACGGACGTACGTATA-1,4
AACGGCCATCTCCGGT-1,4
AACGTACTGTGGGTAC-1,4
AACGTCAGACTAGTGG-1,2
AACGTGATGAAGGACA-1,2
AACGTGCGAAAGTCTC-1,2
AACGTTATCAGCACCT-1,1
AACTACCCGTTTGTCA-1,2
AACTAGCGTATCGCAC-1,1
AACTAGGCTTGGGTGT-1,6
AACTCAAGTTAATTGC-1,4
AACTCCAGAGCGTGTT-1,5
AACTCCTAATCCCATG-1,1
AACTCGATGGCGCAGT-1,2
AACTCTCAATAGAGCG-1,2
AACTCTCAGTGTGCTC-1,5
AACTGAGGTCAGCGTC-1,2
AACTGATATTAGGCCT-1,2
AACTGGGTCCCGACGT-1,2
AACTGGGTTCGAGCCG-1,1
AACTGGTGTGGGCCTT-1,1
AACTTCTGCGTCTATC-1,1
AACTTGCCCGTATGCA-1,4
AACTTGCGTTCTCGCG-1,2
AACTTTACGGGAGCTT-1,1
AACTTTAGCTGCTGAG-1,2
AACTTTCTCGATCATG-1,3
AAGAAATCACCAGATT-1,3
AAGAAGGATCAGTTAG-1,1
AAGACCCAACTGAACA-1,7
AAGACTAACCCGTTGT-1,1
AAGACTCACGCCCACT-1,1
AAGACTGCAAGCTACT-1,2
AAGAGATGAATCGGTA-1,4
AAGAGCTCTTTATCGG-1,2
AAGAGGATGTACGCGA-1,4
AAGAGGCATGGATCGC-1,4
AAGAGGCCCTTTGGAA-1,4
AAGATGGCACCGGACC-1,6
AAGATTGGCGGAACGT-1,2
AAGCACCCTGCGTATC-1,6
AAGCATACTCTCCTGA-1,5
AAGCCGAAGCGGTTTA-1,4
AAGCCGCCGTGAAATC-1,4
AAGCCGCTTTACCTTG-1,3
AAGCGCAGGGCTTTGA-1,7
AAGCGGAGTGCGCGCA-1,2
AAGCGGCGTCATGGGT-1,2
AAGCGTCCCTCATCGA-1,5
AAGCTAGATCGAGTAA-1,4
AAGCTCGTGCCAAGTC-1,2
AAGCTCTTTCATGGTG-1,5
AAGGAGAACTTATAAG-1,1
AAGGAGCGGTTGGTGC-1,2
AAGGATCGATCGCTTG-1,2
AAGGATGAGGGACCTC-1,2
AAGGCAGGCTGTCTCC-1,2
AAGGCGCGTAAAGCTT-1,2
AAGGCTGTGCTCATCG-1,4
AAGGGAACGACTGGCT-1,4
AAGGGACAGATTCTGT-1,2
AAGGGACTATGCATTC-1,4
AAGGTATCCTAATATA-1,2
AAGGTGATAAACCAGC-1,4
AAGTAGAAGACCGGGT-1,2
AAGTAGTGACGCGAGG-1,4
AAGTCAATTGTCGTCA-1,4
AAGTCTAGTAGCTGCC-1,1
AAGTGACGACCGAATT-1,2
AAGTGAGTCGGGTTTA-1,7
AAGTGCAAAGGTAGAC-1,2
AAGTGCCTTGACTGTA-1,4
AAGTGCGTTAGAATCT-1,4
AAGTGCTTCTCTATTG-1,6
AAGTGTTTGGAGACGG-1,4
AAGTTCACTCCAAGCT-1,5
AAGTTCAGTCTGCGTA-1,2
AAGTTCGGCCAACAGG-1,4
AAGTTGTGATGTTATA-1,4
AAGTTTACTAATGGCA-1,1
AAGTTTATGGGCCCAA-1,7
AATAACAACGCTCGGC-1,4
AATAACACTAGAACAA-1,4
AATAAGTCCTCGAGAC-1,2
AATAATCTTCGTATCG-1,4
AATACAATGTTTCAGG-1,2
AATACCGGAGGGCTGT-1,7
AATAGAACAGAGTGGC-1,5
AATAGAATCTGTTTCA-1,4
AATAGCAAGCCTCCTG-1,2
AATAGCTACCGCGTGC-1,1
AATAGTCCGTCCCGAC-1,7
AATAGTCGCGAGTCGG-1,1
AATATCAAGGTCGGAT-1,2
AATATCGAATCAATGC-1,4
AATATCGAGGGTTCTC-1,1
AATATTGGAGTATTGA-1,4
AATCAGACTGCAGGAC-1,1
AATCAGGTTTCATTTA-1,6
AATCATGTAAAGACTC-1,4
AATCCAAGGGCCTGAG-1,2
AATCCATGCAAGGGTG-1,1
AATCGCCTCAGCGCCA-1,2
AATCGCGCAGAGGACT-1,2
AATCGGGACACTACGA-1,2
AATCGTGAGCCGAGCA-1,6
AATCTAGGTTTACTTG-1,4
AATCTATGCCGGAGCC-1,2
AATCTCTACTGTGGTT-1,2
AATCTGCGTTGGGACG-1,2
AATCTGGCTTTCTAGT-1,4
AATCTGGGTAGACCCT-1,2
AATGACAGCAATGTCT-1,4
AATGACGTAGGATGTC-1,4
AATGACTGTCAGCCGG-1,4
AATGAGTTCGCATATG-1,2
AATGATGATACGCTAT-1,1
AATGATGCGACTCCTG-1,2
AATGCAACCGGGTACC-1,2
AATGCACCAAGCAATG-1,1
AATGGCCGCCAATGCG-1,3
AATGGTCCACCGTTCA-1,4
AATGGTTCTCACAAGC-1,2
AATGTGCCCGAGGTGT-1,4
AATGTGCTAATCTGAG-1,6
AATTAAAGGTCGGCGT-1,4
AATTAACGGATTTCCA-1,6
AATTAGCGCTGCAGCG-1,4
AATTCATAAGGGATCT-1,2
AATTCATTGTCATGCA-1,4
AATTCCAAGCATGTAC-1,7
AATTCGATTCGAGGAT-1,7
AATTCTAGAGTTAGGC-1,4
AATTGAACGCTCTGGT-1,4
AATTGCAGCAATCGAC-1,4
AATTTGGGACATAGTA-1,2
AATTTGGTTCCAAAGA-1,2
ACAAACCATGCGTCCT-1,4
ACAAACCGACAAGGCG-1,1
ACAAAGCATGACCTAG-1,4
ACAAATCGCACCGAAT-1,4
ACAAATGGTAGTGTTT-1,4
ACAAATTCAGATCTGA-1,4
ACAACAGCATGAGCTA-1,4
ACAACGGTCCCTGCGA-1,2
ACAAGCAGTGCCTAGC-1,4
ACAAGCTATATGGAAG-1,2
ACAAGGAAATCCGCCC-1,4
ACAAGGACAAGAGGTT-1,4
ACAAGGATGCTTTAGG-1,5
ACAAGGCCTACCAGCC-1,2
ACAAGGGCAGGCTCTG-1,4
ACAATAGTCGTACGTT-1,1
ACAATCCATTTAAACC-1,4
ACAATCGATCTTTATA-1,1
ACAATGAATACGGAGA-1,5
ACAATGATTCTTCTAC-1,2
ACAATTGTGTCTCTTT-1,4
ACAATTTAGGAGGCTC-1,2
ACAATTTGAGCAGTGG-1,2
ACAATTTGGCCATATT-1,2
ACACAAAGACGGGTGG-1,2
ACACAAATATTCCTAG-1,1
ACACACCAGGACCAGT-1,4
ACACACTTTCTACACG-1,2
ACACATGATCAAATCT-1,4
ACACATTGACGCAACA-1,2
ACACCACATAATTAGC-1,2
ACACCCAGCATGCAGC-1,4
ACACCCGAGAAATCCG-1,4
ACACCGGTCTGACCGC-1,4
ACACCTTAAGTAGGGC-1,4
ACACCTTACTACTTGC-1,4
ACACGAGACTCCTTCT-1,2
ACACGGCACTATGCAT-1,2
ACACGGGAACTTAGGG-1,2
ACACGTAGGCCACAAG-1,4
ACACTCCAATGTCACT-1,1
ACACTGATCAAGGTGT-1,5
ACACTGGGACAGTCGT-1,4
ACAGAACTGAGAACAA-1,4
ACAGATTAGGTTAGTG-1,2
ACAGCATAGAGCCAGT-1,2
ACAGCGACATTCTCAT-1,4
ACAGCGCACCCGCAGC-1,2
ACAGGCTTGCCCGACT-1,4
ACAGGTGGAGGTGAGG-1,4
ACAGGTGTGTTGTTGC-1,2
ACAGTAATACAACTTG-1,4
ACAGTGCAGCGCATTT-1,3
ACATAAGTCGTGGTGA-1,4
ACATAATAAGGCGGTG-1,2
ACATCAGCTGGGACGC-1,2
ACATCCCGGCCATACG-1,6
ACATCCTGGTAACTGT-1,2
ACATCGATCGTTTACC-1,4
ACATCGGTCAGCCGCG-1,4
ACATCGTATGCAATGG-1,4
ACATCGTTAACCTAGT-1,1
ACATCTCAACGCGTAA-1,2
ACATGGCGCCAAAGTA-1,2
ACATTAGTTTATATCC-1,4
ACCAAACACCCAGCGA-1,2
ACCAAACTAGAAATCC-1,1
ACCAACACCACACACT-1,4
ACCAACCGCACTCCAC-1,4
ACCAACGCTTATTTAT-1,6
ACCAAGAACGCGTGTC-1,2
ACCAATATGCAAGTTA-1,5
ACCACAACTCAGAACA-1,2
ACCACAAGTTTCTATC-1,4
ACCACCAATGTAACAA-1,2
ACCACCCTCTCTTCTA-1,1
ACCACGTGCAGCTATA-1,4
ACCAGCCCGGTCTTTG-1,2
ACCAGGAGTGTGATCT-1,1
ACCAGTGCCCGGTCAA-1,2
ACCAGTGCGGGAGACG-1,4
ACCATATCCGCAATAA-1,4
ACCATCCGCCAACTAG-1,4
ACCATCGTATATGGTA-1,4
ACCCAACGCCCGTGGC-1,2
ACCCACCTACATGCTC-1,2
ACCCATCTTGAGGGTA-1,4
ACCCATTTGTCCCTCT-1,4
ACCCGAGCGAAATTAC-1,5
ACCCGATTGGTTCCGA-1,6
ACCCGGAAACTCCCAG-1,6
ACCCGGATGACGCATC-1,4
ACCCGGTTACACTTCC-1,4
ACCCGTGTCATCAGTA-1,6
ACCCTATAGGACTGAG-1,2
ACCCTATGCCATATCG-1,6
ACCCTCCCTTGCTATT-1,4
ACCCTGGTAACGCCCT-1,1
ACCCTTCATCTGCGAA-1,2
ACCCTTGCCTGGGTCG-1,1
ACCCTTTAGTTCTCCA-1,2
ACCGAAAGGGCCCTGC-1,1
ACCGAAGAGTCTGGTT-1,4
ACCGACACATCTCCCA-1,7
ACCGACTGAGTCCCAC-1,2
ACCGATAGGCATAACC-1,4
ACCGATATTTAATCAT-1,4
ACCGATGGTAGCATCG-1,2
ACCGCAATAACTGCCT-1,4
ACCGCGGTGGAAGTCG-1,4
ACCGGGCCTTTGTTGA-1,4
ACCGGTCAGGTACACC-1,4
ACCGGTCTGAGTACGG-1,1
ACCGTGACCACGTGGG-1,7
ACCGTTCCCGCTCTGA-1,2
ACCTAAGTACCTTTCA-1,4
ACCTAATCGACTTCCT-1,2
ACCTACAGTATGTGGT-1,4
ACCTACTATAAATCTA-1,7
ACCTCCGCCCTCGCTG-1,4
ACCTCCGTTATTCACC-1,2
ACCTCGAACTTATGCT-1,4
ACCTGCGTGTCATGTT-1,4
ACGAAATGGGCGGCAC-1,4
ACGACTGGTCATACTC-1,6
ACGAGAACCCATCACG-1,2
ACGAGATATTTGCTTA-1,2
ACGAGGATACCACTCT-1,4
ACGAGGTTTACAACGT-1,4
ACGAGTACGGATGCCC-1,2
ACGATACATAGAACTA-1,1
ACGATACCTATCCTGA-1,3
ACGATCATACATAGAG-1,4
ACGATCATCTTGTAAA-1,2
ACGATGCATATGTTAT-1,4
ACGATGGATCCGATGC-1,2
ACGCAAACTAATAGAT-1,7
ACGCAATCACTACAGC-1,1
ACGCATAAATGACATG-1,2
ACGCATACGTTTACTA-1,4
ACGCATTCGTGAGTAC-1,2
ACGCCAGATGATTTCT-1,2
ACGCCCAGCTGTCGAT-1,2
ACGCCGCTAGACGACC-1,2
ACGCGAAGTCAGACGA-1,4
ACGCGCTACACAGGGT-1,4
ACGCGGGCCAAGGACA-1,2
ACGCGTTTCTTAAGAG-1,1
ACGCTAGTGATACACT-1,2
ACGCTGTGAGGCGTAG-1,2
ACGCTTAGTGTCTCTC-1,2
ACGGAATTTAGCAAAT-1,1
ACGGACTCTCAAAGCG-1,6
ACGGAGCGCAAATTAC-1,1
ACGGATGGTGCGGATA-1,5
ACGGCACTTGCTTGGG-1,5
ACGGCCAACATGGACT-1,5
ACGGCGACGATGGGAA-1,4
ACGGCGGGTTGCCCTG-1,1
ACGGCTGGATGTAGAA-1,4
ACGGGAGTGTCGGCCC-1,4
ACGGGCGTATGCGACA-1,1
ACGGGTCATGTGACTT-1,1
ACGTACAGATTTCTCT-1,1
ACGTAGATTGCTGATG-1,4
ACGTATTACTCCGATC-1,4
ACGTGCGCCTCGTGCA-1,2
ACGTGGTCGAATGTGC-1,2
ACGTTAATGTCGAAGA-1,4
ACGTTAGATTTGCCCG-1,4
ACGTTATTGGTCACTC-1,2
ACGTTCCGCGCTCCGT-1,1
ACGTTCGCAATCAATT-1,2
ACGTTCGTTCAGGAAA-1,7
ACGTTCTGTACAAGTC-1,5
ACGTTTAGTTGTGATC-1,2
ACTAAGGACGCACACC-1,1
ACTAATACGTCAGGCG-1,2
ACTACATCCCGACAAG-1,4
ACTACCAGCTCTCTGG-1,2
ACTACGCGTTAGAATT-1,7
ACTAGTTGCGATCGTC-1,2
ACTATATGCTGTGTTC-1,2
ACTATCCAGGGCATGG-1,4
ACTATCTGCCCGCGTA-1,4
ACTATGTCCAGCTGCC-1,4
ACTATTCGTCCGTGGT-1,2
ACTATTTCCGGGCCCA-1,6
ACTCAACGAATGTATT-1,1
ACTCAAGTGCAAGGCT-1,5
ACTCAATAAAGGCACG-1,2
ACTCAGACCTGCTTCT-1,1
ACTCATGGCAGCCTTC-1,4
ACTCCAATATCATCAT-1,5
ACTCCCATTCCTAAAG-1,4
ACTCCCGAATTCGTTT-1,2
ACTCCCTAATGCTAAA-1,5
ACTCCCTAGAATAGTA-1,4
ACTCGATGTATTTCAT-1,2
ACTCGTAACCCGTCCT-1,4
ACTCGTCAGTAATCCC-1,4
ACTCTAAACCTGGGAT-1,3
ACTCTCTGACTTAGGT-1,2
ACTCTCTTATACACGA-1,1
ACTCTTCAGCTCCCGC-1,2
ACTCTTGTATAGTAAC-1,4
ACTGAAACGCCGTTAG-1,4
ACTGAATGGCGAAAGT-1,4
ACTGATTTAGTGATTC-1,2
ACTGCCCGCCATTCTC-1,5
ACTGCCGTCGTAACTC-1,2
ACTGCGGACACACCGT-1,1
ACTGCTCGGAAGGATG-1,4
ACTGGCGAACCTGCGT-1,1
ACTGTACGATACACAT-1,1
ACTGTAGCACTTTGGA-1,4
ACTGTATACGCGAGCA-1,2
ACTGTCCAGGATTATA-1,4
ACTGTCTTCTTTAGAA-1,2
ACTGTGCTAGTAGATC-1,1
ACTGTTTAGTGTAGGC-1,1
ACTTACCGGGCGCGCA-1,2
ACTTACGCATCCACGC-1,5
ACTTAGTACGACAAGA-1,1
ACTTATACTTACCCGG-1,2
ACTTATTAGGATCGGT-1,4
ACTTATTTATGTGCCA-1,4
ACTTCAGGCTGATCCC-1,4
ACTTCCATGCGGGACA-1,5
ACTTCGCCATACGCAC-1,2
ACTTGACTCCCTCTTT-1,4
ACTTGCCATATTGTAC-1,1
ACTTGGGACCCGGTGG-1,4
ACTTGTAGTCCCTTCA-1,4
ACTTGTGGATGGAACG-1,4
ACTTTACCCTCATGAA-1,2
ACTTTCCTATAGCTTC-1,4
ACTTTGACTGCATCCT-1,4
ACTTTGGTCGTGCTCC-1,4
ACTTTGTCGACGCACT-1,4
AGAAATTATGACTCGC-1,4
AGAACCCAGCGTGACA-1,2
AGAACCCTCAATTGGG-1,4
AGAACGTGGTACATTC-1,2
AGAAGAGCGCCGTTCC-1,3
AGAAGGTACACTTCAC-1,4
AGAAGGTTGCCGAATT-1,4
AGAAGGTTGTAGGTCG-1,7
AGAAGTGATTCGTGAT-1,4
AGAATAAATCTTCAGG-1,4
AGAATGCGGGTTCGGA-1,2
AGAATTATGGATTCGA-1,4
AGAATTGTTTGACATA-1,2
AGACAGCTCAGAATCC-1,1
AGACAGGCATCTCAGC-1,4
AGACATAGATCCTTCC-1,1
AGACCAAACCACACCT-1,4
AGACCATGGGATACAA-1,2
AGACCCACCGCTGATC-1,4
AGACCCGCCCTCCTCG-1,2
AGACCGCTCCGCGGTT-1,4
AGACCGGGAAACCCTG-1,2
AGACGAAGTGCCGGTC-1,4
AGACGACGATGCCGCT-1,4
AGACGCCCACTTCGCC-1,4
AGACGGGATTGGTATA-1,2
AGACGGGCCGATTTAA-1,4
AGACTAGCCTTCCAGA-1,4
AGACTGTTACCGGGTC-1,7
AGAGAAACACCAGAAA-1,6
AGAGAACCGTCTAGGA-1,1
AGAGAAGGAGTACAAT-1,5
AGAGATCTCTAAAGCG-1,2
AGAGCAGTTATGAGAC-1,4
AGAGCCGCCGAGATTT-1,4
AGAGCGCTTGTAACGG-1,3
AGAGCGGGCTAATCAT-1,2
AGAGCGTACAAGCTCG-1,2
AGAGCTACGAAAGCAT-1,1
AGAGGCTTCGGAAACC-1,4
AGAGGGACAATTGTCC-1,1
AGAGGTATCTCGGTCC-1,1
AGAGTAAACTTCACTA-1,4
AGAGTATAGTGTTACG-1,2
AGAGTGAACAGACACC-1,3
AGAGTTAGAGACCGAT-1,4
AGAGTTGCAGGCCTCC-1,1
AGATAACTTCAGGGCC-1,4
AGATACCAATAGAACC-1,4
AGATACCAGCACTTCA-1,1
AGATACCGGTGTTCAC-1,4
AGATACGACTTCATAT-1,2
AGATACTCAAGATCGA-1,4
AGATATAATACGACTA-1,7
AGATCGTGCATAAGAT-1,2
AGATCTCAGGTGTGAT-1,2
AGATGACTCGCCCACG-1,2
AGATGAGGGTTGCGAT-1,1
AGATGATGGAGTCTGG-1,2
AGATGCAAGACGTGCA-1,4
AGATTATAGGACGTTT-1,4
AGATTCAAGCGGGTCG-1,2
AGATTCACAACCGATA-1,4
AGCAAAGGCCGCTAGT-1,6
AGCAACATATCTTATT-1,4
AGCAACCGAAAGTAAT-1,4
AGCACACGTTTAGACT-1,4
AGCACCAGTACTCACG-1,2
AGCACTACCGGCCTGT-1,4
AGCACTACCTCACCAG-1,4
AGCACTTAAGGACGCC-1,4
AGCAGAAGGAGAAAGA-1,7
AGCAGCCAGATGAATA-1,6
AGCATATCAATATGCT-1,4
AGCATCATTTCGAAAG-1,4
AGCATCGTCGATAATT-1,2
AGCCAAGCTTTGTGTC-1,7
AGCCACAGGTTACCCG-1,5
AGCCACTCCCGTGCTT-1,2
AGCCCATACATGTAAG-1,4
AGCCCGCAACAAGCAG-1,7
AGCCCGGCATTAGAGG-1,4
AGCCCGGTAGCCTGTA-1,7
AGCCCTAAGCGAAGTT-1,2
AGCCCTCCCTGGTGGC-1,5
AGCCCTGTCGCACCGT-1,4
AGCCCTTCTAATCCGA-1,2
AGCCCTTGGACATCCC-1,4
AGCCGTGGCTAAATGT-1,2
AGCCTAATACCCACGT-1,4
AGCCTTAAAGCGGAAG-1,2
AGCGACAGGAACGGTC-1,4
AGCGACATCCCATTCA-1,4
AGCGACCAACGATATT-1,2
AGCGAGACGTGAAGGC-1,4
AGCGATGCGCCTAATA-1,4
AGCGCATAATGAATCG-1,7
AGCGCGGGTGCCAATG-1,2
AGCGCTAGAGCGATGT-1,2
AGCGCTTATGGGCAAG-1,2
AGCGGACACTTCGTAG-1,7
AGCGGCGGTTAGCGGT-1,4
AGCGGGAAGGGTCCAT-1,1
AGCGGGTCTGACACTC-1,7
AGCGGTTGAGATGTAC-1,1
AGCGGTTGCCGCTCTG-1,1
AGCGTACGAGAGCTAG-1,1
AGCGTAGCGCTAGACC-1,2
AGCGTGGTATTCTACT-1,4
AGCGTTCCGATTTAAA-1,1
AGCTAACAAGCAATGT-1,5
AGCTAAGTACGCAGGC-1,6
AGCTAGAAGCAGAAGT-1,1
AGCTATTTAATCCAAC-1,2
AGCTCCATATATGTTC-1,4
AGCTCCTTCGCACATC-1,4
AGCTCGTTGATGGAAA-1,1
AGCTCTAGACGTTCCA-1,2
AGCTCTTCCCAGTGCA-1,2
AGCTCTTCGTAACCTT-1,2
AGCTCTTTACTCAGTT-1,4
AGCTGAAGTAAACCAA-1,2
AGCTGCATTTGAGGTG-1,2
AGCTGCTGTGCCGAAT-1,2
AGCTGTAACCTCAATC-1,4
AGCTTATAGAGACCTG-1,1
AGCTTCAATACTTTGA-1,3
AGCTTGATCTTAACTT-1,2
AGGAACGAACGACTTC-1,4
AGGAAGCTGTCCGCCG-1,7
AGGACAGTCGAATCCC-1,4
AGGACATCGCACGTCG-1,2
AGGACGACCCATTAGA-1,4
AGGACGCTCGATGTTG-1,1
AGGAGACATCCACAGT-1,1
AGGAGGCCTTCGCGCG-1,4
AGGATAAAGTCGGGAT-1,5
AGGATATAGGGATTTA-1,4
AGGATCACGCGATCTG-1,4
AGGATTGCTTACGACA-1,1
AGGCACGTGACTGTCC-1,4
AGGCAGATGCGTAAAC-1,2
AGGCAGGGAGCGTACT-1,6
AGGCATTGTCGTAGGG-1,4
AGGCCACCCGTTATGA-1,4
AGGCCCATTGTACAGG-1,2
AGGCCCTAGAACGCCA-1,4
AGGCCTGAGAATCTCG-1,5
AGGCGATAACTGGCGT-1,4
AGGCGGTTTGTCCCGC-1,4
AGGCGTCTATGGACGG-1,1
AGGCTATGGTTAGCTT-1,2
AGGCTTCCCGAAGAAG-1,4
AGGCTTGCTAGACACC-1,2
AGGGAAACGAGGTACT-1,2
AGGGACCGGCTGCGTT-1,2
AGGGACTCTACGCGAC-1,6
AGGGAGACATACTTCG-1,1
AGGGCAGCGGCGTGGT-1,1
AGGGCGAGCAGCTGAT-1,4
AGGGCGTGATCGGCTA-1,2
AGGGCTGCAGTTACAG-1,2
AGGGTCAGAGCACTCG-1,7
AGGGTCAGTAACCCTA-1,2
AGGGTCGATGCGAACT-1,2
AGGGTGCCGTTCTTTA-1,6
AGGGTGCTCTCGAGGG-1,2
AGGGTGGATAGTGCAT-1,2
AGGGTGTGCTACACGC-1,1
AGGGTTCAGACGGTCC-1,7
AGGGTTCCCTTTGGTT-1,2
AGGGTTTAGTTCGGGA-1,4
AGGTAACCTCCTATTC-1,2
AGGTACGATATTGCCA-1,2
AGGTAGATCGAGATAT-1,6
AGGTAGGTACAAAGCT-1,4
AGGTATAATTGATAGT-1,2
AGGTATGCGGACATTA-1,1
AGGTCAGGTGAGAGTG-1,4
AGGTCGCCACTTCGGT-1,2
AGGTCGCCTCCCAACA-1,4
AGGTCGCGGAGTTACT-1,2
AGGTGGTGACCTTCGC-1,7
AGGTGTATCGCCATGA-1,2
AGGTTACACCATGCCG-1,2
AGGTTGAGGCACGCTT-1,2
AGGTTTCACACACCTT-1,4
AGTAACGTTCATCCTG-1,4
AGTAATGTCTTGCCGC-1,2
AGTACATCATTTATCA-1,1
AGTACCTTCGAGTGCT-1,2
AGTACGGCCCGTATCG-1,4
AGTACGGGCACCTGGC-1,2
AGTACGTGGCCTGTCT-1,4
AGTACTCTTATGCCCA-1,4
AGTAGCGTGAACGAAC-1,2
AGTAGCTAGACGCCGA-1,1
AGTAGGAAGGAAGTTG-1,1
AGTAGGTAACATACAT-1,2
AGTATAATACTAGGCA-1,2
AGTATACACAGCGACA-1,7
AGTATCCATAATAACG-1,1
AGTATGCTGGAGACCA-1,4
AGTATTTGGCACGACC-1,6
AGTCAAATGATGTGAT-1,6
AGTCAACACCACCATC-1,4
AGTCAAGATGACACTT-1,2
AGTCACTAGCTCTCGA-1,4
AGTCACTCCGCCTCAT-1,1
AGTCAGCCACCGCCTG-1,2
AGTCCAGCGGGTACGT-1,1
AGTCCATTGGCTGATG-1,4
AGTCCCGCCTTTAATT-1,2
AGTCGACGGTCTCAAG-1,3
AGTCGGCCCAAACGAC-1,2
AGTCGGCTCAACTTTA-1,4
AGTCGGTTGCGTGAGA-1,4
AGTCGTATAAAGCAGA-1,6
AGTCGTCGACCACCAA-1,4
AGTCGTGGGCATTACG-1,4
AGTCTAAAGTATACTC-1,1
AGTCTCACAAGACTAC-1,4
AGTCTGGACATCCTTG-1,2
AGTCTTCTCCTCAAAT-1,2
AGTCTTTAAAGTGTCC-1,7
AGTGAACAAACTTCTC-1,4
AGTGACCTACTTTACG-1,4
AGTGACTGTGACACAA-1,4
AGTGAGACTTCCAGTA-1,2
AGTGAGCCTCGCCGCC-1,2
AGTGAGGGTTTCTGAC-1,2
AGTGATAACCTGCGCG-1,5
AGTGATATGAGTAGTT-1,4
AGTGATTCAAGCAGGA-1,2
AGTGCACGCTTAAGAA-1,4
AGTGCGTAGCTCGTAA-1,4
AGTGCTAAACACAGCA-1,5
AGTGCTTGCACGAATA-1,4
AGTGGCGGCAATTTGA-1,1
AGTGGCGTCTGAAGGT-1,5
AGTGGCTCCGTCGGCC-1,4
AGTGGTGTTACCCGTG-1,2
AGTGTATTGCGCATTG-1,2
AGTGTGCTAAGATCGC-1,1
AGTGTGGTCTATTGTG-1,2
AGTTAAACACTTGCGA-1,4
AGTTAAGCGGTCCCGG-1,1
AGTTAAGTCAACCGCT-1,4
AGTTACCCTTAAGACT-1,1
AGTTACCGCACATGGT-1,2
AGTTACTCTATCGTGG-1,1
AGTTATTGAAAGGTAA-1,2
AGTTCACCGGTTGGAC-1,2
AGTTCCTACAGAATTA-1,4
AGTTCCTATTTATGTT-1,4
AGTTCTGCGTTGTATC-1,1
AGTTGACATCGGCTGG-1,1
AGTTGACGGTCCTTGC-1,7
AGTTGCTGACTGATAT-1,1
AGTTTATGTAAAGACA-1,1
AGTTTCGCAGGTCGGA-1,2
AGTTTGCACCTGCCTC-1,6
AGTTTGGCACGGGTTG-1,2
AGTTTGGCCAGACCTA-1,4
ATAAACGGACCCGTAA-1,4
ATAAACGTTGCACCAC-1,4
ATAAAGGCTCGGTCGT-1,4
ATAAAGGTCAAGTACG-1,2
ATAAATATTAGCAGCT-1,4
ATAACGCCGGAGGGTC-1,2
ATAACGGAGTCCAACG-1,2
ATAACGTTACCTCCAC-1,2
ATAAGCAAACACCGAG-1,1
ATAAGGTGGAGAACAT-1,4
ATAAGTACCCGATTGT-1,2
ATAAGTAGGATTCAGA-1,2
ATAAGTAGGGCGACTC-1,4
ATAAGTTACCGCGACG-1,4
ATAATACCGTTAGCCG-1,2
ATAATAGCTGTTGAAT-1,4
ATAATAGTGTAGGGAC-1,2
ATAATCTTGGAGAACC-1,6
ATAATTAGCTAAGTAG-1,7
ATACAGGCCCTCCAAT-1,5
ATACCACGGGCAACTT-1,4
ATACCAGCAAATTGCT-1,1
ATACCAGGCTAATAGA-1,1
ATACCAGGTGAGCGAT-1,2
ATACCGTCATCCATAA-1,2
ATACCTAACCAAGAAA-1,6
ATACGAAGGCTTTCCA-1,1
ATACGACAGATGGGTA-1,3
ATACGCCGGCGAAACC-1,2
ATACGGAACGTCGTTT-1,4
ATACGGGTTTCGATTG-1,2
ATACGGTGAAGATGCA-1,2
ATACGTACTTAGCCAC-1,5
ATACGTCCACTCCTGT-1,2
ATACGTTATGCACGGA-1,7
ATACTACCCGTACCAC-1,4
ATACTAGCATGACCCT-1,2
ATACTCTCGCCACTCT-1,1
ATACTGCCTTACACCG-1,5
ATACTTGTTCTCGAGC-1,2
ATAGACAACGGGACCT-1,2
ATAGACGAAGAGAAAG-1,4
ATAGAGTACTGGGACA-1,2
ATAGAGTTATCAACTT-1,2
ATAGCAACTAGGGAAG-1,4
ATAGCCTCAGTACCCA-1,2
ATAGCTGCTCTTGTTA-1,1
ATAGGAATCTAAGCTT-1,2
ATAGGCGGCTATAGAA-1,4
ATAGGCTAGCTTCGCA-1,2
ATAGGGATATCCTTGA-1,2
ATAGGTTGGGCAGATG-1,2
ATAGTCTTTGACGTGC-1,2
ATAGTGAAGCGTTCTC-1,4
ATAGTTCCACCCACTC-1,4
ATATAAAGCGCTCGTG-1,6
ATATAAATGTAGCTGC-1,5
ATATAACACGGGCGCA-1,5
ATATACGCTCGTGACG-1,4
ATATAGAGTATTGGTC-1,4
ATATCAACCTACAGAG-1,2
ATATCGGTAGGGAGAT-1,2
ATATCGTGCCAGACCC-1,2
ATATCGTTCCTCGAAC-1,4
ATATCTCCCTCGTTAA-1,2
ATATCTTAGGGCCTTC-1,2
ATATGTCTCCCTAGCC-1,2
ATATGTGCACAAACCA-1,1
ATATTCAGTTAAACCT-1,4
ATATTCCACATAGTGA-1,4
ATATTCCCACAGGTCA-1,2
ATATTGCTGTCAAAGT-1,2
ATATTGGAGAGGCCTT-1,4
ATATTTAACCCTCAAG-1,4
ATCAAACACTGTTCCA-1,4
ATCAAACGAAGGTTTG-1,4
ATCAAGATCCCAGGAC-1,4
ATCAATCTGGGCTGCA-1,4
ATCAATGCCGTGGCTG-1,4
ATCACATTAGAATATC-1,2
ATCACGTGCTAATTAA-1,4
ATCACTTCATCCTCGC-1,2
ATCAGACGGCACGCCG-1,4
ATCAGCCTCATGCTGC-1,4
ATCAGCTCGTCCACTA-1,4
ATCAGGTCGCCATTGC-1,2
ATCAGTAGGCAGGGAT-1,1
ATCATAGCCCTATGTA-1,4
ATCATCCAATATTTGT-1,4
ATCATCTGCCCAGTGT-1,2
ATCCAACGCAGTCATA-1,2
ATCCAATGGAGGGTCC-1,4
ATCCACATCGACAGAA-1,7
ATCCACGCTAAATGTT-1,2
ATCCACTTTCAGACTA-1,1
ATCCAGAGCAACAACC-1,5
ATCCAGGATTCGTGAA-1,4
ATCCCATCCACAGCGC-1,4
ATCCTACCTAAGCTCT-1,4
ATCCTGAATCGCTGCG-1,4
ATCCTGCGTGGAATGG-1,4
ATCCTGCTGCAGATAG-1,1
ATCGACCCAATACAGA-1,4
ATCGACTCTTTCCGTT-1,2
ATCGCACGATTGTTCA-1,1
ATCGCACGCCGGGAGA-1,2
ATCGCCAGTCAACATT-1,4
ATCGCTGCGTGCAGCA-1,2
ATCGCTTTACGTCTCA-1,1
ATCGGAGACAGACGGC-1,4
ATCGGCAAGCAGTCCA-1,1
ATCGGTTACCTAGTAA-1,2
ATCGTATTCCGAGAAC-1,1
ATCGTGGAAAGTCTGG-1,4
ATCGTTAGCTAGCGGA-1,3
ATCGTTCACTTTCGCC-1,1
ATCTAATATCCTACGG-1,6
ATCTAGCTTGTGAGGG-1,7
ATCTCATAAACCTACC-1,2
ATCTCCCACGGAATAT-1,4
ATCTCCCTGCAATCTA-1,2
ATCTCGTGAGCGAAAC-1,4
ATCTGACATGGAAGGA-1,7
ATCTGATAGTGTCTTA-1,1
ATCTGCACCTCTGCGA-1,2
ATCTGCTGTTATCGCC-1,7
ATCTGGGCTGTTCTTG-1,7
ATCTGGTTAAGACTGT-1,2
ATCTGTAATTGTACCC-1,2
ATCTTATCGCACACCC-1,4
ATCTTGACCTGCAACG-1,4
ATCTTGACTTGTCCAA-1,1
ATCTTTCGTATAACCA-1,2
ATGAAGCCAAGGAGCC-1,2
ATGAAGTGGACCCAGC-1,3
ATGACGCCGGCTCTAA-1,2
ATGACGCGTTCTATCC-1,4
ATGACTATCAGCTGTG-1,7
ATGACTATGCGACATT-1,4
ATGAGGAGTGTTAATC-1,2
ATGAGGGCAGCGGCTA-1,4
ATGATCGGGAATAGAC-1,2
ATGATGCAATGGTACA-1,4
ATGCACCTTCCTTAAT-1,1
ATGCACGCGCTGTTCA-1,4
ATGCACTACCGCATTG-1,2
ATGCATGATCCAGGAT-1,2
ATGCATTCCGTGATGG-1,2
ATGCCAATCGCTCTGC-1,4
ATGCCATTTGCGACCA-1,4
ATGCCGGTCTTGCATA-1,2
ATGCCGGTTGATGGGA-1,2
ATGCGACAATTGGTCC-1,2
ATGCGACAGTCCCATT-1,4
ATGCGAGTCCCACCAC-1,4
ATGCTCAGTGTTGCAT-1,2
ATGCTCTGGCGCGGTA-1,6
ATGCTTAGGAGTTGAT-1,4
ATGGAAATTTAAGGAG-1,4
ATGGAACAGAATAAAC-1,2
ATGGAACCTTTGCACA-1,1
ATGGAGCAGGCCGTGA-1,2
ATGGATCCGGCGTCCG-1,1
ATGGATTGACCAAACG-1,2
ATGGCAGCATTACGAT-1,4
ATGGCAGCCGAGAAAC-1,1
ATGGCTGGAAATGGCC-1,2
ATGGGAACGGAAGCGG-1,4
ATGGGACCTGCTGAAC-1,5
ATGGGCCTCGGCCTCT-1,4
ATGGGTGTATACCTCC-1,4
ATGGTCGCGTGGTTTC-1,4
ATGGTGCTCAAAGCCA-1,1
ATGGTTACGAAACATG-1,1
ATGTAAGGCTGCTCTT-1,2
ATGTACATGCGGTGAG-1,4
ATGTACGATGACGTCG-1,7
ATGTAGCGCGCGTAGG-1,7
ATGTCATTTCCCATTG-1,1
ATGTGAAAGCCTAATG-1,4
ATGTGCATCCGACGCA-1,2
ATGTGGACATCTTGAT-1,4
ATGTGTAGTTTAGTCA-1,1
ATGTTACGAGCAATAC-1,1
ATGTTCCTGCCCACCT-1,1
ATGTTCGTCGACCCAC-1,4
ATGTTGATTAGAGACT-1,5
ATGTTGTAGTCTGTTT-1,7
ATGTTTGTAAGATCAT-1,1
ATTAAACATGCGGACC-1,4
ATTAACACCTGAGATA-1,1
ATTAATACTACGCGGG-1,2
ATTAATGAACCAGTCG-1,2
ATTAATTCGGTCACTC-1,2
ATTACAACTACCGGCC-1,1
ATTACATGTCAGTCTT-1,4
ATTACCACACTGCCTG-1,4
ATTACGCGCTGGCAGG-1,2
ATTACTAGCCTCTTGC-1,2
ATTACTTACTGGGCAT-1,2
ATTAGATTCCTCAGCA-1,2
ATTAGATTGATAGCGG-1,2
ATTAGGCGATGCTTTC-1,4
ATTATACTTTGCTCGT-1,1
ATTATAGCTACTTTAC-1,1
ATTATCGGAATGTACG-1,7
ATTATCTCGACAGATC-1,2
ATTATGAGACCCAATT-1,4
ATTATGCCATAGGGAG-1,2
ATTATGCTCAGTATTG-1,1
ATTATTATGTCCGTCA-1,6
ATTATTCAGAGTCACT-1,5
ATTCAAAGTACCTGTT-1,2
ATTCAACCATTTAAGG-1,3
ATTCACTGATGTTGGA-1,6
ATTCAGATGAATCCCT-1,2
ATTCAGGACCTATTTC-1,1
ATTCAGGATCGCCTCT-1,3
ATTCAGTAGCAGGGTC-1,4
ATTCATATACTGTCCA-1,2
ATTCATCGTTGAGGCA-1,5
ATTCCCACATAAACAA-1,2
ATTCCTAAGACGTGGA-1,4
ATTCCTCCGCCAGTGC-1,2
ATTCCTTCCAGGCGGT-1,1
ATTCGACGCCGGGCCT-1,4
ATTCGCAGAGGACACT-1,1
ATTCGCGCCTTGAGAG-1,4
ATTCGTGCTATCTCTT-1,4
ATTCTCGTCTCTTTAG-1,1
ATTCTGAGTATGAACT-1,2
ATTCTTCGTACTTATG-1,2
ATTGAAGATCTTAGTG-1,4
ATTGACCGGCGATGAC-1,1
ATTGACGTAACTCGGT-1,1
ATTGATAGCAACGAGA-1,2
ATTGATCACCACATTT-1,4
ATTGATGAGTCCTAAC-1,4
ATTGCCTATTAGACCG-1,4
ATTGCCTTTATGTTTG-1,6
ATTGCGATCAGTAACT-1,4
ATTGCTGCTCCTCCAT-1,4
ATTGGATTACAGCGTA-1,4
ATTGGGAATATCTTGG-1,2
ATTGGGAGTTCTGTAA-1,1
ATTGGTAGGATCCGCT-1,1
ATTGTACAACTCGGCT-1,2
ATTGTCGCAATACCTT-1,1
ATTGTGACTTCGCTGC-1,2
ATTGTTCAACGATCCG-1,4
ATTTAACTCGTATTAC-1,2
ATTTACAGTTTACTGG-1,4
ATTTACTAAGTCCATT-1,2
ATTTCATTATTTCGCG-1,1
ATTTCCGGGTTCTGCG-1,5
ATTTGCGCGAGTAGCT-1,4
ATTTGTCTTGGGAGCT-1,2
ATTTGTTCCAGGGCTC-1,2
CAAACCAGGTCTGCAT-1,4
CAAACGAGTATCGCAG-1,4
CAAACGGTCGCACTTT-1,4
CAAACGTGGTCTTGCG-1,2
CAAACTACGATAGAGA-1,1
CAAACTATTGAGCTTC-1,2
CAAACTCGCGACGCCG-1,2
CAAAGATTATTGGGCC-1,4
CAAAGGTCATCTGAAA-1,4
CAAAGGTTAAATTCAG-1,1
CAAAGTCAGGTTAGCT-1,1
CAAATCTCTCACAAGG-1,4
CAAATGTCCTTCCGTG-1,4
CAAATTGGATTATGCC-1,1
CAAATTGTCAGCAAGC-1,2
CAACACATCTCCTGCC-1,2
CAACAGAATAACGCTA-1,1
CAACATGGCCTGATAA-1,1
CAACCAGTGGCCTACC-1,4
CAACCTACCGAGCAGT-1,4
CAACCTGAACCTGCCA-1,1
CAACGACCCGTTTACA-1,2
CAACGGTTCTTGATAC-1,2
CAACGTGGTGGAGTCT-1,4
CAACTATATCGAATGC-1,1
CAACTCCAACGTTTAG-1,4
CAACTCCGTAACTTGC-1,2
CAACTCCTTGATCCCG-1,2
CAACTGAGGGTATGAC-1,1
CAACTGCTCATCCGAT-1,7
CAACTTGTAGTGGGCA-1,2
CAAGAAACCCTAAACT-1,1
CAAGAGGGCGGAGTAC-1,4
CAAGATATTATAACGT-1,4
CAAGCAACGTCGGAGT-1,4
CAAGCACCAAATGCCT-1,2
CAAGCGGCACATAATT-1,5
CAAGGATCGCATGTTC-1,4
CAAGGCCAGTGGTGCA-1,4
CAAGGTCCTATAGGCT-1,2
CAAGTAAGTGATAGAC-1,7
CAAGTGAACTTTGGTT-1,2
CAAGTGTGGTTGCAAA-1,4
CAATAAACCTTGGCCC-1,2
CAATACGAGAGTCTGA-1,2
CAATACGCTCTGAGGC-1,2
CAATATGTAGATTTAC-1,1
CAATATTCTTGACCTA-1,5
CAATCCATTATCCGTT-1,1
CAATCCCTATACCAGC-1,2
CAATCCTGCCGTGGAG-1,1
CAATGACCCTTAATTT-1,4
CAATGAGGTTCGACTA-1,2
CAATGCGAGAAGTATC-1,4
CAATGGAATCTACATA-1,2
CAATGGATCTCTACCA-1,2
CAATGGTCGGCCTGGG-1,2
CAATGTGCCAACCCTT-1,4
CAATTAAGGGTGATGA-1,2
CAATTTCGTATAAGGG-1,2
CACAAGAAAGATATTA-1,2
CACAAGCTAAGAAAGG-1,5
CACAATGAGCTGCTAT-1,4
CACACACGCTAACGAG-1,4
CACACAGCTTGCGCTC-1,2
CACACAGGGATAGATT-1,2
CACACGCGCTGTCTTA-1,2
CACACGTTTCAATGGG-1,5
CACACTTGTATTGCGA-1,2
CACAGAGACGAGGACG-1,4
CACAGCACCCACGGCA-1,4
CACAGCTAGGGAGTGA-1,2
CACAGGGCCATATAGT-1,3
CACAGGGCCGTTGTCA-1,7
CACAGTCCCGCTTCGC-1,4
CACAGTTCGCTTCCCA-1,4
CACATATTAGCAGGAT-1,4
CACATCGTGCACGCGC-1,6
CACATCTCACCGACGA-1,5
CACATGATTCAGCAAC-1,4
CACATGTTTGGACATG-1,1
CACATTCTTTCGATGG-1,2
CACATTTCTTGTCAGA-1,4
CACCACGCCACACAGA-1,2
CACCAGTCAGCATGCA-1,4
CACCATCGGAGGAGAC-1,2
CACCATGATCGCAAAG-1,2
CACCCAAATCTTATGT-1,2
CACCCACACGTCACCC-1,2
CACCCACGAGGCAATT-1,2
CACCCGGTTTGTGACT-1,5
CACCCTAACAAGATCT-1,5
CACCCTTGGTGAGACC-1,4
CACCCTTTCCTCGCTC-1,2
CACCGATACACCGAGC-1,1
CACCGCCAGAAGGTTT-1,2
CACCGCCGACCAGCGA-1,1
CACCGCGTCCACTCTA-1,2
CACCGGAGATATCTCC-1,2
CACCGGTAGAGACATT-1,4
CACCGTATCCCATCCG-1,4
CACCGTTAGGGATCAC-1,4
CACCGTTGCGCGATAT-1,4
CACCTAATAGAGTCGT-1,2
CACCTAATCAGTTTAC-1,2
CACCTCGATGGTGGAC-1,2
CACCTCTACGAGTGTG-1,3
CACCTTGCGAAACTCG-1,2
CACCTTGGCGCCTTTG-1,4
CACGAAAGTTAGTCCC-1,2
CACGACCACAGACTTT-1,1
CACGACGTAATAGTAA-1,1
CACGACTAAAGTTCTG-1,1
CACGCACAGCGCAGCT-1,2
CACGCAGCGAGGCTTT-1,4
CACGCGGAACTGTTGC-1,4
CACGGCGCGCCAAAGG-1,2
CACGGGATTGAGGGTT-1,2
CACGTCAATCAATGGA-1,4
CACGTCGGCAACCTCT-1,4
CACGTCTATGATGTGG-1,1
CACGTTCGTGCTCTAG-1,2
CACGTTTCGTACACAC-1,4
CACTAAAGTTGCCTAT-1,4
CACTACGGGAGCTGCC-1,4
CACTACTCAGTTCTGT-1,1
CACTCAAGAGCTATGG-1,4
CACTCAGCTCTTGAGG-1,2
CACTCCTATGTAAGAT-1,5
CACTCCTCTCGGTCGG-1,1
CACTCGAGCTGAACAA-1,4
CACTCGGTTAGGAGGA-1,4
CACTCTCAAGCATCGA-1,7
CACTCTTCTGCTAGCC-1,4
CACTGACGATTGTGGA-1,7
CACTGTCCAAGTGAGA-1,2
CACTTAATCAGACGGA-1,4
CACTTCGCCACAGGCT-1,1
CACTTCGTCTTATCTC-1,1
CAGAACTTAGCCCTCT-1,4
CAGAATAACACACGGA-1,4
CAGAATATTCGTTATC-1,4
CAGACACCGATCGCTG-1,5
CAGACCTGTAAGTGTT-1,2
CAGACGAACCTGATAC-1,5
CAGAGACGGTCACCCA-1,5
CAGAGCATGAGCTTGC-1,2
CAGAGGCGATGCATGA-1,6
CAGAGTGATTTAACGT-1,1
CAGATAATGGGCGGGT-1,4
CAGATACTAACATAGT-1,4
CAGATATGAAGATGAC-1,4
CAGATCATTTAAAGTC-1,2
CAGATCCTGGTTTGAA-1,4
CAGCAGCCCGTTCCTT-1,1
CAGCAGTCCAGACTAT-1,4
CAGCAGTCTGTGCTGC-1,7
CAGCCCTCACAGGCAG-1,1
CAGCCGGGCCCTCTAT-1,2
CAGCCTCCTGCAGAGG-1,2
CAGCCTCTCCTCAAGA-1,2
CAGCGATTCCCTTCAA-1,5
CAGCTCACTGAGACAT-1,4
CAGCTCGACAAGTTAA-1,2
CAGCTCGTGCTTGTGT-1,2
CAGCTGGCGTAACCGT-1,4
CAGCTTAGTAGGTAGC-1,4
CAGGAAGACTTTATAT-1,2
CAGGATATATCGTTGT-1,4
CAGGCAGTCTTACCAG-1,6
CAGGCCGTTTGGGTGT-1,4
CAGGCGCACGGTGGTC-1,4
CAGGCGCCATGCTAGG-1,4
CAGGGAGATAGGCCAG-1,4
CAGGTTTAGTACTACA-1,1
CAGTAACTATTTATTG-1,1
CAGTAATCCCTCCCAG-1,2
CAGTACATTCTCTAAA-1,1
CAGTACCAGTTTACGT-1,4
CAGTAGATGATGTCCG-1,1
CAGTAGCCCACGCGGT-1,1
CAGTAGCGAGGTAGTA-1,1
CAGTCCAACGCCTTCT-1,1
CAGTCGAGGATGCAAT-1,2
CAGTCTCTCGGCTAAT-1,1
CAGTCTGTATACTGGG-1,4
CAGTGAATAAATGACT-1,2
CAGTGGTTGCACATGA-1,2
CAGTGTCCGCAGAATG-1,1
CAGTGTCGGCTGGCCC-1,4
CAGTTCAAATTGACAC-1,4
CAGTTCCGCGGGTCGA-1,2
CAGTTCGAGGACCCGA-1,7
CATAACGGACAGTCGT-1,2
CATAAGAAGCTTGGCT-1,6
CATAAGCTCTCCGTCT-1,4
CATAATGAGCGGGCGA-1,1
CATACAAAGCCGAACC-1,2
CATACACGGTTCCCAC-1,7
CATACCCGTACCCAGT-1,4
CATACGAACTAGCTGG-1,5
CATACGGCGTCTGGGC-1,4
CATACGGGTGCATGAT-1,1
CATACTATGTAATTGT-1,2
CATACTTAGGCAATAC-1,2
CATACTTCTTTCTCCG-1,7
CATAGCCGCCCGGGAT-1,2
CATAGCGTTGCCCACC-1,5
CATAGTACATTGAGAG-1,2
CATAGTAGCATAGTAG-1,2
CATAGTCAAATACATA-1,5
CATAGTCCACAAGAAC-1,4
CATATACTACTGATAA-1,2
CATATAGGTACAGTCA-1,4
CATATGTCAGGCTACG-1,4
CATATTATTTGCCCTA-1,2
CATCAAACTGGCGCCC-1,2
CATCAACACCTACTAA-1,1
CATCATCTACCCGGAC-1,2
CATCATTACCCTGAGG-1,4
CATCCAATATAGTTTG-1,4
CATCCGCAGGCCCGAA-1,2
CATCCTCTCAAAGATC-1,4
CATCGCCCGCGGCCAA-1,2
CATCGGACGGGTTAAT-1,4
CATCGTCCGGTTACTA-1,1
CATCTACCCGAGAACG-1,2
CATCTAGTGAAGGGAA-1,2
CATCTATCCCGTGTCT-1,2
CATCTGCAGGATCATT-1,2
CATCTTACACCACCTC-1,4
CATGAACCGACATTTG-1,1
CATGAACCTCTTATCA-1,2
CATGACTTCGCTGAAT-1,2
CATGAGATGCACTCTC-1,5
CATGATGCACAATTCT-1,2
CATGATGGAAGTTAGC-1,4
CATGCACGTGTTACTG-1,1
CATGCATGGAGACCCT-1,2
CATGCCAACTCGCAAA-1,4
CATGCGACCAGTTTAA-1,2
CATGCGTTAGACAGAA-1,2
CATGCTGGCTCCAATT-1,2
CATGGAAATGGGACCA-1,2
CATGGATTGTCTTCCG-1,4
CATGGCAGGAAGATCG-1,2
CATGGCTCCCTATGTC-1,1
CATGGGTATGCCTTAT-1,5
CATGGGTCGGGTGTGG-1,2
CATGGTAAGTAGCGTT-1,4
CATGGTCTAGATACCG-1,2
CATGTAAGAGACATTT-1,4
CATGTAGGAGCGCCAA-1,1
CATGTCTCATTTATGG-1,4
CATTACATAGATTGTG-1,2
CATTACGTCGGCCCGT-1,2
CATTATCCCATTAACG-1,6
CATTATGCTTGTTGTG-1,4
CATTCACTGACAGCTA-1,2
CATTCAGGTCAGTGCG-1,1
CATTCCCATTCCGTCG-1,2
CATTCCCTAAGTACAA-1,1
CATTGATGAACACGCC-1,1
CATTGCAAAGCATAAT-1,2
CATTGCGAAATGGGCG-1,4
CATTGCGGGTCAATTC-1,1
CATTGTGTGCTAGATC-1,1
CATTTAGCGGACCATG-1,2
CATTTATCGTTCAAGA-1,1
CATTTCTAGCAGACTA-1,2
CATTTGAGTGGTACGT-1,4
CCAAACAGAACCCTCG-1,4
CCAAAGTCCCGCTAAC-1,1
CCAAATAACAAGATTC-1,4
CCAAATCAAAGGGCAA-1,4
CCAACCTTATGTAACT-1,7
CCAACGATGCACTGAT-1,4
CCAACGCTTGCCAGGG-1,2
CCAACTTGATAGATCC-1,4
CCAAGAAAGTGGGCGA-1,5
CCAAGACTTCTGCGAA-1,2
CCAAGCGTAACTCGTA-1,4
CCAAGGAACAGAGAGG-1,1
CCAAGTTTCTACAGAT-1,1
CCAATAGATTTCATCT-1,1
CCAATAGTGCCGTCGA-1,4
CCAATCGGTAGATCGA-1,1
CCAATGTCACAGCAAG-1,2
CCAATTACGGGTCGAG-1,2
CCAATTGAATGTTAAT-1,2
CCACAATGTACGTCTT-1,2
CCACACTGAGATATTA-1,4
CCACAGCTGAAATCAT-1,1
CCACAGTACCCATCCT-1,2
CCACATACTGCACCCA-1,4
CCACCAACTTTACTGT-1,4
CCACCCAAGGAAAGTG-1,4
CCACGAATTTAACCTC-1,4
CCACGAGAAGAGAATC-1,2
CCACGGAGCCATAAGA-1,4
CCACGGTGCCCGGTAG-1,2
CCACGTAAATTAGACT-1,1
CCACTAAACTGAATCG-1,2
CCACTATCCGGGTCAC-1,1
CCACTGGTGGCTGGTT-1,4
CCACTGTTTGGATTAA-1,4
CCAGAAAGCAACTCAT-1,4
CCAGAGACAAAGCCGG-1,2
CCAGATAGTTGAGTGA-1,2
CCAGATGTAAATGGGT-1,1
CCAGCCTGGACCAATA-1,2
CCAGCGGGATCACCAG-1,1
CCAGCTACGCCTCATA-1,2
CCAGCTCGAACGCATT-1,7
CCAGCTGATGGTACTT-1,4
CCAGCTTCCGCCCGCA-1,4
CCAGGCTGGCGTCTGA-1,4
CCAGGGACGTGGCCTC-1,2
CCAGTAGTCTGATCCA-1,2
CCAGTCAAATCTCTTA-1,4
CCAGTCCATTATTCGA-1,1
CCAGTCTAGACGGCGC-1,2
CCAGTCTTGTCATAGA-1,7
CCATAAACAACCCGAC-1,1
CCATACCTTTACTTGT-1,2
CCATACTCGCCTCTCC-1,3
CCATAGGTTGGCGTGG-1,2
CCATAGTCAGTAACCC-1,1
CCATATGGAAACTATA-1,4
CCATCATAAGAACAGG-1,2
CCATCCATACCAAGTC-1,1
CCATCGCAGTTAAACT-1,4
CCATCTCACCAGTGAA-1,2
CCATCTTGTTCACAAT-1,2
CCATGCCCTAGATTTC-1,3
CCATGCCTGTTTAGTA-1,4
CCATGCTCTGCAGGAA-1,2
CCATGGCCCTTGTACC-1,4
CCATGTTCATCTATAT-1,5
CCATTAGCGATAATCC-1,4
CCATTCCCTGCCCACA-1,2
CCATTGTTTCCTCCAT-1,1
CCATTTCTACCTATTA-1,5
CCCAAACATGCTGCTC-1,2
CCCAACATACGTCGCG-1,4
CCCAACCACACTAACA-1,1
CCCAAGAATGCACGGT-1,1
CCCAAGACAGAGTATG-1,1
CCCAATGAGATTTGCA-1,7
CCCAATTTCACAACTT-1,4
CCCAGAGGAGGGCGTA-1,2
CCCAGGTCTGAAGGCT-1,4
CCCAGTAAACTTGGGA-1,4
CCCAGTTAAGGCGCCG-1,2
CCCATATAGGTCGATT-1,4
CCCGAAGTTTCGCGAA-1,4
CCCGACCATAGTCCGC-1,2
CCCGAGTTTCTCCGTA-1,4
CCCGCAGCGCGAACTA-1,4
CCCGCAGGGCCCAAAG-1,2
CCCGCCATGCTCCCGT-1,2
CCCGCGCAATGCACCC-1,2
CCCGCTAGAGGGTTAA-1,1
CCCGGGTCGTTCAGGG-1,7
CCCGGTGGAAGAACCT-1,2
CCCGGTGTATCGGAAT-1,4
CCCGTAAGTCTAGGCC-1,4
CCCGTAGCTGGGAAGA-1,6
CCCGTCAGCGTCTGAC-1,2
CCCGTTTCGCAGATGT-1,4
CCCTAGTGTCAGGTGT-1,1
CCCTATGTAGAGCAGA-1,4
CCCTCAAGCTCTTAGT-1,3
CCCTCATTCTGGAATT-1,2
CCCTCCTCGCTCGTAT-1,4
CCCTCGGGAGCCTTGT-1,1
CCCTGAAATGAGTTGA-1,4
CCCTGACTAACAAATT-1,4
CCCTGATGTAACTCGT-1,1
CCCTGCCCAATCCGCT-1,2
CCCTGCGCTACGCATA-1,4
CCCTGGTATGGGCGGC-1,2
CCCTTTAATGGAGTTC-1,4
CCCTTTGACAGGTCTT-1,5
CCGAAAGTGGTGAGCA-1,2
CCGAACACTGGGCCTC-1,4
CCGAACCTTCCCGGCC-1,4
CCGAAGTATATTGTTC-1,2
CCGACAAACACATGAG-1,2
CCGACAAAGGGAGTGC-1,4
CCGACAATAGGCCGCC-1,4
CCGACGGGCATGAGGT-1,4
CCGACGTAAACACAAC-1,2
CCGACTCGCATAGTCT-1,1
CCGAGAAGTCGCATAA-1,2
CCGAGCTGTGCTTGTC-1,1
CCGAGGGATGTTAGGC-1,2
CCGATATGACGTAAGG-1,4
CCGATCTCAACCTTAT-1,4
CCGATCTTAAGAGGCT-1,1
CCGATTCGAGGGACCC-1,4
CCGATTGGTCAATGAA-1,1
CCGCACAAAGACCAAC-1,4
CCGCACACGAACGTGT-1,2
CCGCACGTGACCTCGG-1,4
CCGCATGTGGTACGAT-1,6
CCGCCACCACAATCCA-1,1
CCGCCGGAACTTCTCG-1,4
CCGCCGGTCAACACAC-1,2
CCGCCGTTGAGGATAA-1,4
CCGCCTGCGAATTGGT-1,1
CCGCCTTGCGATGTCG-1,4
CCGCGATTTGGTAGGT-1,2
CCGCGGAATGCGTCAC-1,4
CCGCGGGTACGAAGAA-1,4
CCGCGTAGGTAAGGGC-1,4
CCGCTATCAGCACCAG-1,4
CCGCTCTTCCGAACTA-1,4
CCGCTGGTGCCATTCA-1,1
CCGCTTACCTCACTCT-1,4
CCGCTTCGCGGTTAAC-1,1
CCGCTTGCTGACATGG-1,1
CCGGAATGGTTTCAGT-1,2
CCGGAGCGTACTTTCT-1,7
CCGGCACGACCGTTTC-1,2
CCGGCGCATATTGGAT-1,2
CCGGCGTGAGACTCTG-1,4
CCGGGACCCGCAGAGA-1,2
CCGGGCGGTCTCGTCA-1,2
CCGGGCTAAGAATTTC-1,3
CCGGGCTGCTCCATAC-1,2
CCGGGTTCGAGGTTAC-1,4
CCGGTAATGGCTAGTC-1,2
CCGGTGCGAGTGATAG-1,2
CCGGTTTGTAATTGTG-1,6
CCGTAAGTTGGTCCCA-1,2
CCGTACCCAAGCGCCA-1,1
CCGTAGGAAATCCCTG-1,4
CCGTAGGGTTGTTTAC-1,4
CCGTATCTCGTCGTAG-1,4
CCGTATTAGCGCAGTT-1,1
CCGTCAACCTCTGGCG-1,5
CCGTGAGGCATTCATG-1,1
CCGTGCCCATGACGGC-1,2
CCGTGGAACGATCCAA-1,2
CCGTGTTAAATTCCAT-1,4
CCGTTACGTTAGAACA-1,2
CCGTTCCGAATCTCGG-1,2
CCTAAAGGCTGACGCT-1,1
CCTAAATTAACGGTTC-1,4
CCTAAATTGTATCCTA-1,4
CCTAACCCAAACAAGT-1,4
CCTAACTAAGGCTCTA-1,2
CCTACAAGTCCGGAAT-1,2
CCTACATTCACAGACG-1,4
CCTACGCGACCTTACA-1,2
CCTACGGCTCAGTCGA-1,2
CCTACTCAACACGATT-1,4
CCTACTGCGGCGGCCA-1,3
CCTACTGCTTACACTT-1,2
CCTAGGCGTAGCGATC-1,2
CCTAGGTAAAGGTAGC-1,4
CCTAGTTAGTCGCATG-1,2
CCTATAATGAGTGCCC-1,5
CCTATACCGTCCTGTC-1,6
CCTATATCGTGTCACG-1,4
CCTATATTTGTCCTGG-1,7
CCTATCTATATCGGAA-1,1
CCTATGAAGTGGTGCC-1,2
CCTATGGCTCCTAGTG-1,4
CCTATGGGTTACCGTC-1,2
CCTATGGTCAAAGCTG-1,7
CCTATGTCCACTCCAC-1,5
CCTCACCAATCTTGAC-1,2
CCTCACCTGAGGGAGC-1,2
CCTCACCTTAGCATCG-1,2
CCTCATGCAGCTACGA-1,1
CCTCCCGACAATCCCT-1,1
CCTCCGACAATTCAAG-1,4
CCTCCTAGCTAGAGTC-1,4
CCTCCTGAGCCCACAT-1,2
CCTCCTGTTGTGTCGT-1,4
CCTCGAAGTGGACGGG-1,2
CCTCGACCCACTGCCT-1,2
CCTCGCCAGCAAATTA-1,2
CCTCGCGCGATATAGG-1,2
CCTCGCGCTGTGCGAT-1,6
CCTCGGACCGGGATAG-1,2
CCTCGGATGCTACCTG-1,1
CCTCGTTACGCCTGTT-1,1
CCTCTAATCTGCCAAG-1,2
CCTCTACAAGGATTGG-1,4
CCTCTATCGATTAGCA-1,4
CCTCTCTCCCATCTAG-1,2
CCTCTGGCCTAGACGG-1,2
CCTCTGTACTATTCTA-1,5
CCTGAACGATATATTC-1,2
CCTGAATATTTACATA-1,2
CCTGACAAACTCGCGC-1,1
CCTGACCACCGATGGT-1,2
CCTGACGCAACCTTTA-1,4
CCTGCCCGTTGTCTAG-1,2
CCTGCGATAGAACTGT-1,1
CCTGCGTTCTACGCTT-1,2
CCTGCTATTTGAGAAG-1,2
CCTGGAAACGTTCTGC-1,2
CCTGGCTAGACCCGCC-1,4
CCTGGTCGAATGTGGG-1,6
CCTGTAAGACATGATA-1,4
CCTGTACTCACGCCCA-1,4
CCTGTCACCCGGGCTC-1,2
CCTGTCCCTCACGTTA-1,2
CCTGTCGCCCGTAAAT-1,2
CCTGTGAAACCGTAAC-1,1
CCTGTGCGGATTGTAA-1,1
CCTGTTTGAAGACACG-1,4
CCTTCAGTTAAAGTGA-1,7
CCTTCGTATAGAATCC-1,7
CCTTCTCAGCGTTCCT-1,4
CCTTCTTGATCCAGTG-1,2
CCTTGACCACTTTATT-1,4
CCTTTAAGGGAGCACT-1,6
CCTTTCAATGAAGAAA-1,2
CGAAACATAGATGGCA-1,2
CGAAACGCAATTCATG-1,2
CGAACAGTATGGGCGT-1,4
CGAACATAGTCAGAAA-1,2
CGAACCCGCATGCGTC-1,5
CGAACGCCCAGTGCCG-1,2
CGAACGGCCGGACAAC-1,4
CGAAGACGGTGAGTGC-1,3
CGAAGCTATAAATTCA-1,2
CGAAGGGTTTCAGATT-1,4
CGAAGTTGCTCTGTGT-1,2
CGAATCTGCTCGACGC-1,4
CGAATGAAGTCATTGC-1,4
CGAATGACGCATAATG-1,7
CGAATTACATGGTGTT-1,1
CGACAATTTGATCTAA-1,4
CGACACCGCTTAAGGA-1,1
CGACACGCTCCGACAG-1,4
CGACACGGATGCCCAC-1,1
CGACAGTTCGCGTTAT-1,4
CGACATGCGATCTTCT-1,2
CGACCCTTAACGCCGG-1,4
CGACGCATCCGTACCT-1,4
CGACTCAGGATGTTAT-1,2
CGACTCGGTACACGGT-1,1
CGACTTTGTATAGCCT-1,2
CGAGACCCTAGAGTGT-1,4
CGAGAGATGTGAACCT-1,2
CGAGAGCGCGTAGATA-1,4
CGAGAGCTTTCACTAC-1,5
CGAGAGGGTAGCCGCG-1,4
CGAGATGTTGCCTATA-1,1
CGAGATTTCGCTCGGG-1,2
CGAGCACTTCAAGTTT-1,2
CGAGCGTTGATCAGCC-1,2
CGAGCTGGGCTTTAGG-1,2
CGAGGAGCTTCCATAT-1,1
CGAGGATCGGGAACGA-1,2
CGAGGCCAGGCATTGG-1,2
CGAGGCTAAATATGGC-1,2
CGAGGGACTGCGGTCG-1,2
CGAGGGTATCCAGGTG-1,7
CGAGTACTAAAGAGGA-1,4
CGAGTGAAGGTACCAG-1,4
CGAGTGCTATAGTTCG-1,2
CGAGTTCTGTCCCACC-1,2
CGAGTTTATCGGACTG-1,2
CGATAACCAATTTGAG-1,1
CGATAATACTCAGGTT-1,2
CGATACCTCGCGGACA-1,4
CGATAGCGATACAGTG-1,4
CGATAGTCGTACTGCA-1,6
CGATATTAGCCGCAGG-1,1
CGATCATTAGAGGCAC-1,1
CGATCCGACCCAGTGC-1,4
CGATCCTCGCAACATA-1,7
CGATCTGTTGGAGGAC-1,4
CGATGGACCCTACGCC-1,2
CGATGTTGTTATCTAC-1,4
CGATTAAATATCTCCT-1,6
CGATTCGCCTGGCTGC-1,5
CGCAAACACGAGTTAC-1,4
CGCAATCGATCATTAG-1,1
CGCAATTACTTTCGGT-1,2
CGCAATTAGGGTAATA-1,4
CGCAATTCTACAATAA-1,4
CGCACATGTCCACTAC-1,3
CGCACGTCTGTTTATG-1,6
CGCACGTGCGCTATCA-1,4
CGCAGAAACATTTGCG-1,1
CGCAGATCTTCACCCG-1,1
CGCAGGCGATCCAAAC-1,4
CGCATCATGGCTTCAG-1,2
CGCATCCATCAGCCAG-1,2
CGCATGCCGAATGCGT-1,6
CGCATGGTGCGATGCT-1,4
CGCATTAGCTAATAGG-1,2
CGCCAAGAAGCCGAGT-1,2
CGCCACAGGTCGCGAT-1,4
CGCCACCCGCATTAAC-1,1
CGCCATCCGATTATGA-1,2
CGCCCAGCACGCCTAG-1,6
CGCCCAGCGTTTCACG-1,5
CGCCCGCTTCCGTACA-1,1
CGCCCTAATTGTTCAA-1,4
CGCCCTTACATCCACC-1,1
CGCCCTTGAAGGCTGA-1,2
CGCCGCCCATGCCTGT-1,2
CGCCGGTGTCGCAGTA-1,1
CGCCGTCTACCCATCG-1,1
CGCCGTTCAGCATAGT-1,4
CGCCTCCCTCCTCTAT-1,4
CGCCTGGCCTACGTAA-1,4
CGCCTTTAGCATGCTC-1,4
CGCGAAGTGGCATACT-1,4
CGCGACACTGCGCAGC-1,2
CGCGACCGCGACAGAT-1,5
CGCGAGAGGGACTTGT-1,4
CGCGAGTCTGCCGGGT-1,4
CGCGCAAATGTCCAGA-1,4
CGCGCAAGGAACTACA-1,1
CGCGCATGTTTGATTG-1,5
CGCGCCCGACTTAATA-1,2
CGCGGCAGTATTACGG-1,1
CGCGGCTCAACTTGAA-1,4
CGCGGGAATTAGGCAG-1,1
CGCGGTAAGTCTAGCT-1,2
CGCGGTACGGTATACA-1,4
CGCGGTCACAAACCAA-1,2
CGCGTACATTCTGGAA-1,1
CGCGTCATATTAAACC-1,1
CGCGTTCATGAAATAC-1,2
CGCTACCGCCCTATGA-1,2
CGCTACGGGACATTTA-1,4
CGCTAGAGACCGCTGC-1,2
CGCTATACCGCCCACT-1,1
CGCTATCGTGGCTTTA-1,3
CGCTATTCAATGTATG-1,2
CGCTATTCTTAGGCTC-1,4
CGCTCGACATAATGAT-1,2
CGCTCTCCGTAGATTA-1,2
CGCTGGTGACTACCCT-1,4
CGCTGTGACGCCGCAC-1,2
CGCTGTGTGGATGTTG-1,6
CGCTTAGTATTGATAC-1,7
CGCTTATTCCCGGTCG-1,4
CGCTTCCACTGAAATC-1,2
CGCTTCGGTCTAAGAC-1,4
CGCTTGGACGGATAGA-1,4
CGCTTTCATACCGGTG-1,2
CGCTTTCTTGCATTCG-1,2
CGGAAAGAATCAAACG-1,6
CGGAAAGCAAATGTGC-1,1
CGGAAATTTCACATCC-1,2
CGGAACGTAAACATAG-1,4
CGGAGCAATTTAATCG-1,5
CGGAGCATGGCGATCC-1,4
CGGAGCTTATAACACC-1,2
CGGAGTTTGAGAGACA-1,4
CGGATAAGCGGACATG-1,1
CGGATCCTCAAGGACT-1,6
CGGCAAACATCGTGCG-1,5
CGGCAATAAGATCGCC-1,4
CGGCACCGTTAGCGCC-1,1
CGGCACTCAAGAAAGT-1,2
CGGCAGGGTCGGGTTG-1,2
CGGCCACGCACAAAGT-1,2
CGGCCAGAGCGACCAT-1,7
CGGCCCAACCTGTAGT-1,1
CGGCCCAGGTATATCC-1,4
CGGCGCCATCAATCCC-1,5
CGGCTCTAAAGCTGCA-1,2
CGGCTCTTCGTCGAAC-1,2
CGGCTGAAGGTTACGC-1,3
CGGCTGCAAGATTAAG-1,2
CGGCTTTGTATGATAA-1,1
CGGGAATATAGTATAC-1,4
CGGGAATTTATGTAAA-1,4
CGGGAGCTTCAGTGTA-1,4
CGGGAGTATACCGCCG-1,1
CGGGATCAATGTAAGA-1,2
CGGGCAGCTAAACCGC-1,4
CGGGCCATAGCCGCAC-1,2
CGGGCCTTCTTTGTAA-1,4
CGGGCGATGGATCACG-1,7
CGGGCTACTTAAATTG-1,1
CGGGTGTACCCATTTA-1,2
CGGGTTCGGCACGTAT-1,1
CGGGTTTGTTAGGGCT-1,4
CGGTACTAGAATCAAA-1,4
CGGTAGAGGTGCAGGT-1,2
CGGTATAGGTATTAGC-1,2
CGGTCAAGTGGGAACC-1,2
CGGTCCATGAGACTCC-1,1
CGGTCCGTCGCAAGCC-1,7
CGGTCTATCAACCCGT-1,2
CGGTGAAGACTAAAGT-1,4
CGGTGCAGATAGAACG-1,4
CGGTGCGCGTTGGTCC-1,4
CGGTGGGCTCCAGCCT-1,1
CGGTGTACTTGATCCC-1,2
CGGTTATCCAACAGTG-1,2
CGGTTCAAGTAGGTGT-1,2
CGGTTCCGGCTTCTTG-1,1
CGGTTGACCTGGCATA-1,4
CGGTTGAGTATCCTTC-1,5
CGGTTGGGTTCAAGTT-1,1
CGGTTTATGAAGGAAC-1,4
CGTAAACGCTTGAGTG-1,2
CGTAACGGAACGATCA-1,3
CGTAACTTCGACACTT-1,7
CGTACCGAAAGTCTAG-1,1
CGTACCTGATAGGCCT-1,2
CGTAGAGAGTAATTAT-1,6
CGTAGCGAATTGTCAG-1,2
CGTAGCGCCGACGTTG-1,1
CGTATTAAGAGATCTA-1,4
CGTCAAATGGTCGCAG-1,1
CGTCAAGGCTATAAAT-1,4
CGTCACGTCCATTGGT-1,4
CGTCAGCTATTTACTC-1,1
CGTCAGTGCGCACAAG-1,2
CGTCAGTTTATCGTCT-1,1
CGTCATACCATATCCA-1,4
CGTCGCATGTGAGCCA-1,7
CGTCGCGGCGGGATTT-1,1
CGTCGCTTGGTTATAC-1,5
CGTCGGATAGTGTTGA-1,2
CGTCGGGTCTAAGCGC-1,4
CGTCGTCCTTCGCGAA-1,5
CGTCTCTCGCCGAGGC-1,3
CGTCTGGAAGGGCCCG-1,4
CGTGAAGTTAATTCAC-1,4
CGTGACATTGGGTCGT-1,1
CGTGACCAGTCCTCTG-1,7
CGTGCAGACTGGGACA-1,2
CGTGCATTGTCGACGC-1,4
CGTGCCCTCCCGAAGA-1,4
CGTGCTGGCCTAGTCG-1,1
CGTGCTTCTACCTAAA-1,5
CGTGGAAGCCTCGTAC-1,4
CGTGGCCGAATATCTA-1,2
CGTGGTACCCAAAGGC-1,7
CGTGTATGGGAGCTGA-1,4
CGTGTCCCATTCGCGA-1,4
CGTGTCTCGTTACGAC-1,6
CGTGTGTTAAACCCTG-1,1
CGTTAAACTAGTTAGG-1,4
CGTTAATGTCCCGACG-1,4
CGTTAGCTCACAACTG-1,2
CGTTCAAGGAAACGGA-1,7
CGTTCAGACCCGCGAA-1,7
CGTTCATGGTGCGCGT-1,4
CGTTCTTCGCACACCT-1,1
CGTTGAATACCGCGCT-1,5
CGTTGAGCGACCGTCG-1,4
CGTTGAGTAATTGCGT-1,2
CGTTGCCCGCGTGGGA-1,7
CGTTGTAAACGTCAGG-1,1
CGTTGTAAGATTGATT-1,2
CGTTGTCGGCAATTGA-1,7
CGTTGTTTCAATTCCC-1,4
CGTTTAAGCGGAGCAC-1,2
CGTTTACAAGGCAGCT-1,1
CGTTTCACTTCGGGCG-1,2
CGTTTCGCTCATTACA-1,4
CGTTTGGTGTTGTGGG-1,4
CGTTTGTGTAGAGGGT-1,6
CTAAAGAATGCCTACT-1,2
CTAAAGGGAAATAGGA-1,4
CTAAAGTCCGAAGCTA-1,1
CTAAATCCGGTGTACA-1,6
CTAAATCCTATTCCGG-1,2
CTAACCGCGCGCCCGT-1,4
CTAACGAAACTTGCTG-1,2
CTAACTGATAATCGCC-1,4
CTAACTGGTCCGGTTC-1,4
CTAAGGGAATGATTGG-1,4
CTAAGTACAGGGCTAC-1,2
CTAATTATGAAGCGTA-1,1
CTAATTCGCACGCGCT-1,4
CTAATTCTCAGATATT-1,2
CTAATTTCAACAACAC-1,2
CTACAAGAAATAACCC-1,6
CTACACTCGCAGATGG-1,3
CTACCCTAAGGTCATA-1,2
CTACGAACTAGGTCGA-1,2
CTACGACTAGCTATAA-1,4
CTACGATCCTATCCTA-1,5
CTACGCACGGAGTACC-1,4
CTACGCCATTTCCGAT-1,1
CTACGTGTTGCCACCA-1,1
CTACTATCATAGGTTT-1,4
CTACTATCTTTCAGAG-1,2
CTACTCAAGGTATAGT-1,7
CTACTCTAGGCCCGGC-1,4
CTACTGCCACCTGACC-1,2
CTAGACATATATGTAG-1,1
CTAGACTGCATTTCGT-1,2
CTAGATAAACTCCTCG-1,1
CTAGATGTGAGTGTAA-1,2
CTAGATTTACGACGGC-1,4
CTAGCATAGTATAATG-1,2
CTAGCCACAGGCGAGC-1,4
CTAGCCGATGTTATGA-1,2
CTAGCGCCAATCCTAC-1,1
CTAGCTTAATGGTCCC-1,2
CTAGGCGCCCTATCAG-1,4
CTAGGCGGCAGAGAAT-1,1
CTAGGGATAGGGACAA-1,5
CTAGGTCTGAAGGAAT-1,2
CTAGGTTCGGACGTGA-1,5
CTAGTAGAAAGGGATT-1,6
CTAGTATTCGGAATTA-1,1
CTAGTCACGTCTTAAG-1,4
CTAGTGAAGGACAGGA-1,2
CTAGTTACAACCCGGT-1,5
CTAGTTGGGCCCGGTA-1,2
CTATAAGAGCCAATCG-1,2
CTATAGGCGTTGATGT-1,6
CTATATCCAGCCTGGC-1,6
CTATCGACGAAATACA-1,4
CTATCGCGTAGAGAAC-1,4
CTATCGGGTCTCAACA-1,4
CTATGCCCGAATGCAA-1,7
CTATGGGAAGCGGAAT-1,4
CTATGTCACTAGCCCA-1,2
CTATGTCTATTGAAAC-1,2
CTATGTGAGTCACGGC-1,4
CTATTCATGTGTCCCA-1,5
CTATTGTGTTTGGTCA-1,2
CTATTTGGTTACGGAT-1,4
CTCAAACCACTGCCCG-1,7
CTCAACTAACCCGGAT-1,6
CTCAAGACATTAGCGC-1,2
CTCACACGCAAGCCTA-1,1
CTCACATTTACTAAAT-1,7
CTCACCAGTACAAGTG-1,3
CTCACCGATCCAAACT-1,1
CTCACTGTGATACTTA-1,7
CTCACTTGGCTGGTAA-1,4
CTCAGCAGACTGCCGA-1,2
CTCAGGACTCACCTGT-1,1
CTCAGTCACGACAAAT-1,1
CTCATGGCTCACAATC-1,2
CTCATGGTAATTTGCG-1,4
CTCATTCGTGAACATC-1,1
CTCATTGCTCTAACAA-1,6
CTCATTTGATGGGCGG-1,2
CTCCCAATGAGTCGCG-1,4
CTCCCTCCTTTCGATC-1,4
CTCCGAGTAAATCCGC-1,3
CTCCGCCCACATGAGG-1,4
CTCCGGCCTAATATGC-1,2
CTCCGGCTTGTAGACA-1,1
CTCCTAAGTTATGTCT-1,2
CTCCTCCAGCTCACAC-1,7
CTCCTGTTCAAGGCAG-1,4
CTCCTTTACGCAAGTC-1,2
CTCGAATGGAACGTAT-1,4
CTCGAGACATACGATA-1,4
CTCGAGATCCAAAGCA-1,2
CTCGAGGTCGAACAGT-1,4
CTCGATATTTGCGAGC-1,2
CTCGCACCTATATAGT-1,2
CTCGCATTGCATAGCC-1,4
CTCGCCGAATGTAGGG-1,7
CTCGGGATAACACCTA-1,2
CTCGGGTTCTCTGGCC-1,4
CTCGGTACCACTGCTC-1,2
CTCGGTCCGTAGCCTG-1,2
CTCGGTTGTCGGCCCT-1,4
CTCGTCGAGGGCTCAT-1,4
CTCGTTTCTAATGTTT-1,2
CTCTAATGCATTGATC-1,1
CTCTACACTGGCGATT-1,4
CTCTAGCCCTCGGAAA-1,6
CTCTATTTGGCTGCAG-1,4
CTCTCACAATCGATGA-1,4
CTCTCGATGTGCGCCT-1,1
CTCTCGCTGTACTATG-1,1
CTCTCTAACTGCCTAG-1,4
CTCTGCGAAGCAAGCA-1,2
CTCTGGACGCCTGGTG-1,2
CTCTGTTTGAGGATTC-1,2
CTCTTCTATTGACTGG-1,4
CTCTTCTGGAAGTTAG-1,7
CTCTTGTCCCGCTTGG-1,6
CTGAAACGGCCCTCAG-1,1
CTGAAAGAGATCCGAC-1,2
CTGAATCCGAGACCTC-1,4
CTGAATTTATTGCCAG-1,2
CTGACATAGAAATAGA-1,4
CTGACTGCGCAGCTCG-1,2
CTGAGAAAGTTCGGCG-1,4
CTGAGCAAGTAACAAG-1,2
CTGAGCGAGACTTATT-1,2
CTGATAGTGTATCTCA-1,4
CTGCAAGCACGTTCCG-1,4
CTGCACAACTACATAT-1,4
CTGCACCTAGTCCACA-1,2
CTGCACCTGGAACCGC-1,2
CTGCACTCCAGTACAG-1,5
CTGCAGAGAATCAGAG-1,4
CTGCCAAGGTTGGAAG-1,2
CTGCCATGCATCACAT-1,4
CTGCCCACGAAGCGTT-1,1
CTGCCTAGCCACCAAG-1,2
CTGCCTCATATGCAAC-1,2
CTGCCTTTAATACCTT-1,4
CTGCCTTTCTAGTAAA-1,5
CTGCGGGTGAAATGTT-1,2
CTGCGGTAGTCACGTG-1,1
CTGCGTTACGATATAA-1,2
CTGCTGAGGCCACGAA-1,4
CTGCTGTCTAACGAGC-1,4
CTGCTTGGCGATAGCT-1,4
CTGCTTTATGTCCGCG-1,2
CTGGAAATGGATGCTT-1,4
CTGGAAGACACGGTGG-1,4
CTGGACGCAGTCCGGC-1,4
CTGGATTTACACTTGA-1,5
CTGGCATCCGAATGAG-1,4
CTGGCGACATAAGTCC-1,1
CTGGCGCACAGGTCTG-1,3
CTGGCGGGAATAAGTA-1,2
CTGGCTCCTGCGGGAT-1,1
CTGGCTGATTCATCCT-1,4
CTGGCTGCTAACGTAA-1,1
CTGGCTGGTTGTCAGT-1,6
CTGGGATAAATAATGG-1,2
CTGGGATACGCTACCC-1,2
CTGGGCACTAGTCGGA-1,1
CTGGGCCTGCTATATC-1,4
CTGGGCGGCCAAATGT-1,2
CTGGGCTATCCTTTGG-1,1
CTGGGTAGGCAGTTAA-1,2
CTGGGTTGAGTTAAAG-1,4
CTGGTAAAGTGTGGGC-1,4
CTGGTAACACATAGAA-1,2
CTGGTAACGAGCTCTT-1,2
CTGGTCATTCCAATCC-1,1
CTGGTCCTAACTTGGC-1,2
CTGGTGAATGGGCCTA-1,4
CTGGTTCAACGCATCA-1,1
CTGGTTTCGAGCAAGA-1,4
CTGTACTTCTTAGCAT-1,4
CTGTAGCCATCTCACT-1,6
CTGTAGTGAGGATCGA-1,7
CTGTATGGTGTAGAAA-1,2
CTGTCAAATGGCTCGG-1,2
CTGTCACGCCAGGCGC-1,2
CTGTGCAGGGTAGGTC-1,4
CTGTGGTCGGGAGATA-1,4
CTGTTACCCAATCTAG-1,4
CTGTTCACTGCCTGTG-1,2
CTGTTCATCTCACGGG-1,1
CTGTTGGCTCTTCTGA-1,1
CTGTTGTTCAGTCGTA-1,4
CTTAAATAAGACCCAT-1,2
CTTAACTTCGAAGTAC-1,2
CTTACACGGTATTCCA-1,4
CTTACACTGGGAAATA-1,2
CTTAGCCCGGATAGTG-1,2
CTTAGCCTTCCACATG-1,2
CTTAGGTATAGACCAG-1,4
CTTAGTAGGCCTACAG-1,2
CTTAGTGTAGTAGCAT-1,5
CTTAGTTGAGGAATCG-1,6
CTTATAGATGGCTGTT-1,4
CTTATGCGCTCAGGGC-1,4
CTTATGTTGACTACCA-1,2
CTTCAACTCCACTTGG-1,5
CTTCAGTGGTCGCCTA-1,4
CTTCATAGCTCAAGAA-1,4
CTTCATTGTCAGTGGA-1,2
CTTCCGCTCCGTGAAG-1,6
CTTCCTGCATATTTAC-1,2
CTTCGATTGCGCAAGC-1,5
CTTCGGCCAATTGTTT-1,4
CTTCGTAGATAGGTGA-1,4
CTTCTATGTTGAAGTA-1,4
CTTCTATTAATGCTAG-1,5
CTTCTGGGCGTACCTA-1,6
CTTCTTACGTCGTATA-1,2
CTTGACCCGAAAGATA-1,2
CTTGAGGTTATCCCGA-1,2
CTTGAGTTAGGGTAAT-1,2
CTTGCAACCGCCTCCT-1,4
CTTGCCCAGGCTCTAC-1,4
CTTGGCCAAGCTGGGA-1,7
CTTGTACTTGTTGACT-1,2
CTTGTCAACATTCGAG-1,4
CTTGTCGTACGTGTCA-1,3
CTTGTGAGGACAGCGG-1,3
CTTGTGAGTCTTTGAC-1,2
CTTGTGCTCACCGATT-1,1
CTTGTTGCTGAGTCAA-1,2
CTTGTTTATGTAGCCA-1,2
CTTTAACTTTCAAAGG-1,2
CTTTAATATTGGTCGA-1,4
CTTTACCGAATAGTAG-1,4
CTTTAGGAACACTGTT-1,2
CTTTAGTGCTATTATT-1,4
CTTTCTGTGCGGGCTT-1,5
CTTTGAAACATATTCC-1,1
CTTTGCATCGCTCTTG-1,5
CTTTGCTGTCATGGAT-1,4
CTTTGGCAGACAGAGT-1,2
CTTTGGCGCTTTATAC-1,4
CTTTGGCTTTAGTAAA-1,4
CTTTGGGATTGTTGCA-1,7
GAAACAGATGACCACC-1,4
GAAACAGCCATGCAGT-1,2
GAAACATAGGAAACAG-1,4
GAAACCATGGTGCGCT-1,2
GAAACCGAATTACCTT-1,4
GAAACCTATACAAATG-1,7
GAAACTCGTGCGATGC-1,4
GAAACTCTAATGAAGG-1,2
GAAAGAACAGCGTTAT-1,2
GAAAGCAGTGCACTTT-1,6
GAAAGCCCTTTGGACC-1,4
GAAAGTGACTAACTGC-1,2
GAAATACCTGCTGGCT-1,1
GAAATACTAAACGTTT-1,2
GAAATATCACCATCAG-1,4
GAAATATGCTTGAATG-1,1
GAAATCGCGCGCAACT-1,2
GAAATCTGACCAAGTT-1,1
GAAATGGCGGTGTTAG-1,4
GAAATGGGATGTAAAC-1,1
GAAATTAGCACGGATA-1,1
GAAATTCACATCGCTG-1,2
GAAATTGTCTCTATAA-1,4
GAACAACTGGGATGAA-1,6
GAACACACATCAACCA-1,2
GAACAGATTACTAAAT-1,5
GAACATTAGTATGTTA-1,1
GAACCATCTGGGAGAC-1,1
GAACCCTCTGTGTTCT-1,7
GAACCTCGACCTACAC-1,4
GAACCTTTAACGATCC-1,6
GAACGACCGAATGATA-1,2
GAACGATAAGTTAAAG-1,2
GAACGCGGGTCACACG-1,4
GAACGGTGTAAAGCAG-1,2
GAACGTCTCATGGTCG-1,2
GAACGTTAGGAAGACG-1,2
GAACTGTGGAGAGACA-1,7
GAACTTAGCGCCCGGT-1,1
GAACTTGTGCACGGGA-1,3
GAAGAAACGATATTGT-1,4
GAAGAACGGTGCAGGT-1,2
GAAGACTTCAATGCCG-1,1
GAAGCCACTGATTATG-1,7
GAAGCCGGGTAAGCTC-1,1
GAAGCCTGCACATTCC-1,7
GAAGCGTGAGGAATTT-1,4
GAAGCTCGGACCCGTC-1,4
GAAGCTTGCTGACCGC-1,4
GAAGGAGTCGAGTGCG-1,7
GAAGGCTACCATTGTT-1,1
GAAGTCAGTTGCACTA-1,5
GAAGTCTCCCTAGCGA-1,2
GAAGTGATTTATCGTG-1,4
GAAGTGCTGGATAGCT-1,2
GAAGTTTCCACTCAAT-1,4
GAATAGACGCGACCCA-1,4
GAATAGCATTTAGGGT-1,4
GAATAGCCCTGCGGTC-1,1
GAATAGTGCTCGATTA-1,6
GAATATTCGGAGTCCC-1,2
GAATCGACATGGTCAC-1,4
GAATCGCCGGACACGG-1,1
GAATCTATACTCGGAC-1,1
GAATCTGAACATTCTC-1,4
GAATGAAGGTCTTCAG-1,1
GAATGCCGAAATGACC-1,2
GAATGCGAATCGGTTC-1,7
GAATGTATGGCAGGTC-1,2
GAATGTGGTCCGGATT-1,4
GAATGTTGGGTAATCT-1,2
GAATTATAGTGAAAGG-1,4
GAATTATGCAACCTAC-1,3
GAATTCACCCGGGTGT-1,4
GAATTTCTCGCTGCAG-1,4
GACAAACATATGCAGG-1,4
GACAACGACCATTGAA-1,1
GACAACGCAGCTTACG-1,2
GACAAGAGATGAGATT-1,4
GACACAAGGGAAGAAA-1,2
GACACGAGTTAGAGGA-1,2
GACACTGAGTTCAGTG-1,4
GACACTGGAACCCGAT-1,4
GACAGATTTCTGGCTC-1,4
GACAGCCAGACCTGAC-1,4
GACAGGCACACACTAT-1,4
GACATACTGTCGCAGA-1,2
GACATCCGTCGAACTG-1,7
GACATCGATTTATAAC-1,5
GACCAAACGTTGACTG-1,4
GACCAGAGCCCTGTAG-1,4
GACCAGGTCATTCATA-1,2
GACCCAATTATGATAC-1,4
GACCCGTCGCCGGCTA-1,2
GACCGACGTGAAAGCA-1,2
GACCGACTGAAGCGTC-1,4
GACCGATTAAATATGT-1,5
GACCGCGTCTGACGTG-1,4
GACCGTCAGGTCGTGA-1,1
GACCGTGCTGACGGTG-1,4
GACCTTCCACGTCTAC-1,7
GACGACGATCCGCGTT-1,5
GACGAGGCTAATAAAC-1,3
GACGCCGTAAAGGCTA-1,6
GACGCCTGTTGCAGGG-1,1
GACGCTTGCTTCTAAA-1,4
GACGGACCGCGTTCCT-1,1
GACGGGTTGGCCCGTA-1,7
GACGGTCAATAGAAGC-1,2
GACGTGAGACTCCATG-1,1
GACGTGTAGGGATTAT-1,2
GACGTTCGTAAATACA-1,1
GACTAACACAGCACCT-1,2
GACTAAGATCATGCAC-1,2
GACTAAGTAGGCTCAC-1,4
GACTACAAAGCGGTGG-1,2
GACTACAATTGCTCGT-1,2
GACTAGGCCGTTAGGT-1,7
GACTCACCCACGTGAG-1,2
GACTCCCAGAATAAGG-1,1
GACTCCTTCCAATTGA-1,4
GACTCGCGGGAATGAC-1,2
GACTCGGTCGGCGGAT-1,1
GACTGATTGGTCACAA-1,2
GACTGCAAATCGAGCT-1,6
GACTGCACCAGCCCAG-1,4
GACTGCGGCACGTGTA-1,2
GACTGCTGGTGAGAAA-1,7
GACTGGGCGCCGCAAC-1,1
GAGAATCTCACGATCA-1,3
GAGACCCTGCAACGCC-1,4
GAGACTGATGGGTAGA-1,2
GAGACTTCGCGACCGA-1,5
GAGAGCGCAGTCCCTG-1,1
GAGAGGGCGCGAGGTT-1,4
GAGAGGTGCATTCTGG-1,4
GAGATCTGCTTGGCAT-1,4
GAGATCTGTCACTCCG-1,2
GAGATCTTCCATGACA-1,4
GAGATGACAATCCTTA-1,2
GAGATGGCTTTAATCA-1,7
GAGATGGGAGTCGACA-1,4
GAGCACCTGTGTCCAG-1,5
GAGCACGGCGCCTCTT-1,4
GAGCATCAACAACTTG-1,5
GAGCATCATCCCTGGG-1,1
GAGCCACGGTAGTAGG-1,2
GAGCCAGCTACCTGTG-1,4
GAGCCGAGCGTTTATT-1,2
GAGCGAGGGAGTACCG-1,2
GAGCGCAAATACTCCG-1,4
GAGCGCGCACGAGTAG-1,4
GAGCGCTGTTAGGTAA-1,4
GAGCGGAATGCGGTGT-1,7
GAGCTAAGGGCATATC-1,2
GAGCTCTCGGACCTAA-1,2
GAGCTGTCGTCTCGGA-1,4
GAGGAATGGAGAGGTT-1,2
GAGGATAAACAGTGCT-1,2
GAGGCATTTGCAGCAG-1,1
GAGGCCCGACTCCGCA-1,4
GAGGCCTGTTGATACA-1,4
GAGGCTATCAAAGTCG-1,4
GAGGGAGTCAGATCGC-1,7
GAGGGCATCGCGTATC-1,2
GAGGGCCGGCAGAGTC-1,3
GAGGGCGCAGCTCTGC-1,1
GAGGGTAGTAACAAAG-1,5
GAGGTACATCCATCTT-1,2
GAGGTACGCGTGTCCC-1,7
GAGGTCCCAAAGATCT-1,2
GAGGTCTTAGTGGGTC-1,2
GAGTAAACCGGAAAGT-1,4
GAGTAAGGCCACGGGA-1,4
GAGTACGGGTATACAA-1,2
GAGTAGATACTAGTTG-1,7
GAGTATCAAAGTTACA-1,4
GAGTATGCCCGCCTTG-1,4
GAGTATGCGCGTGCAT-1,7
GAGTCAGACCAGAATC-1,6
GAGTCCGCTTACCGGA-1,4
GAGTCGACAGACCCTC-1,2
GAGTGCACGGACAACA-1,3
GAGTGTCAACCAGAAA-1,6
GAGTGTGCGGTACCCA-1,4
GAGTTGATGGCAATTT-1,4
GATAAATCGGTGGATG-1,2
GATAACTCGCACTGTG-1,3
GATAAGGCAGATGCAA-1,1
GATACGATGGGAGTCA-1,4
GATAGGTAACGTTGAC-1,4
GATAGGTGTCCCGGGC-1,1
GATAGTGCGAGTAAGT-1,7
GATATCAGTATGTATC-1,1
GATATCTCATGCAATA-1,2
GATATGAGACACTAAC-1,2
GATATGCGGTAGCCAA-1,1
GATATGGATTACGCGG-1,2
GATATTGAGATTGGCG-1,2
GATATTTCCTACATGG-1,2
GATCAACATAAAGGGA-1,6
GATCATTCCAAACATT-1,4
GATCCCTTTATACTGC-1,4
GATCCGAATATAAGTG-1,1
GATCCGGGAATTAACA-1,2
GATCCTAAATCGGGAC-1,2
GATCCTCGACACTGGC-1,4
GATCCTCTTGCGCTTA-1,2
GATCGACACTATCTGA-1,2
GATCGCGGGCTCTCCA-1,4
GATCGCTACCCGATTT-1,4
GATCGCTATATCTCAG-1,4
GATCGCTGTGGTGCGT-1,5
GATCGGATAGAACCAT-1,4
GATCGGCGATAAGTCG-1,2
GATCGGTGGCCATAAC-1,2
GATCGTGACTGATATC-1,4
GATCTCGACGCTGTGG-1,4
GATCTGCTATCTAAGG-1,7
GATCTTAGTGAACGTG-1,3
GATCTTCATTGTCCTC-1,2
GATCTTGGAGGGCATA-1,4
GATCTTTGCAGGGTAT-1,4
GATCTTTGCTCAAAGA-1,1
GATGACAAGTAGGGCA-1,5
GATGACGATGATCGCG-1,1
GATGAGGAACCTTCGG-1,7
GATGCCAGCAGAAGGC-1,2
GATGCCTTCTGCGGCA-1,4
GATGCGAATGGTATTA-1,2
GATGCGTCCTGCATTC-1,4
GATGCTACAAGCGCCT-1,2
GATGCTGTATTTCATC-1,4
GATGGCGCACACATTA-1,2
GATGGTGAAATAACCC-1,1
GATGGTGCCCTAGGCA-1,2
GATGTAACGAACCACC-1,2
GATGTCCGGATCACAT-1,1
GATGTCGGTCAACTGC-1,1
GATGTGTTGTCACAAG-1,1
GATGTTCAATCCACGA-1,4
GATGTTTGTGCGAGAT-1,2
GATTAACCGAAAGCCC-1,4
GATTAATCCTGGCTCA-1,1
GATTACTGAATTTGGG-1,4
GATTCCCTTGTCGCAG-1,2
GATTCCGCGTTTCCGT-1,2
GATTCCTATACGGCGC-1,2
GATTCGACGGTTCACG-1,4
GATTGACACTCTGCTC-1,2
GATTGCTCCAGTTGCA-1,5
GATTGGGAAAGGTTGT-1,7
GATTTAGTGCGTACTG-1,1
GCAAACCCTACATTAT-1,4
GCAAACCTTGGCCATA-1,6
GCAAACGTCGCCAGGT-1,2
GCAAAGGGCGTTAGCC-1,4
GCAAATATTACGCTTT-1,4
GCAACACACTAGAACT-1,4
GCAACAGCAGTATGCG-1,4
GCAACCACCAGACCGG-1,2
GCAACCACGGCCGCGT-1,4
GCAACCCAAGTTGTTT-1,3
GCAACGGCTAGTTATG-1,2
GCAAGAATTCCTTGGC-1,4
GCAAGATGTGTTCGCG-1,2
GCAAGTGCACAGAGAA-1,2
GCAAGTGTAAAGCATG-1,7
GCAATTAGTCGCACCG-1,1
GCACAAACCCTAGATG-1,4
GCACAAACGAGGCGTG-1,2
GCACAACCTCGGGCGT-1,4
GCACAAGTGGATCATA-1,1
GCACAAGTGTCGGAAG-1,1
GCACACACTGGTAGCC-1,4
GCACACGCCCATGGTC-1,2
GCACGCCTACTTAGAT-1,6
GCACGTGGTTTACTTA-1,4
GCACTAGTCGCGCTAT-1,2
GCACTGCCTACCTTTA-1,7
GCACTGTGCAAATGTA-1,2
GCAGAAACGTAATCCA-1,1
GCAGAAGGTAATCTCC-1,4
GCAGACCCAGCACGTA-1,2
GCAGATCCATAAGACT-1,4
GCAGATCCTCGCAAAT-1,1
GCAGATTAGGGATATC-1,2
GCAGCACACAGCCCAG-1,4
GCAGCCTATATCACAT-1,2
GCAGCGGTGGGCATTA-1,1
GCAGCTATGGACAGGT-1,4
GCAGGAACTTAGATCT-1,4
GCAGGACTATAGAATA-1,4
GCAGGTAGAGTATGGT-1,1
GCAGTGCGGGCGGATG-1,4
GCAGTGTGGCTATAGG-1,5
GCAGTTCGATCCGAGC-1,4
GCATAAATTGAACGCC-1,1
GCATACGAGGTCTTTA-1,4
GCATAGAGCACTCAGG-1,2
GCATCCCTAACTTTGA-1,2
GCATCGGCCGTGTAGG-1,2
GCATGAGGGACGCGGC-1,2
GCATGCTAATAACGAT-1,5
GCATTCAAGGCAACGC-1,1
GCATTCGAAATGAACA-1,2
GCATTGTAATTCATAT-1,2
GCATTTCCAAGGCTCC-1,2
GCCAACCATTTCCGGA-1,2
GCCAAGAATACTTCTG-1,2
GCCAATAGGGCATCTC-1,2
GCCACAATTTAAGGAC-1,4
GCCACTCAGAGCGCGA-1,4
GCCACTCCTTACGGTA-1,4
GCCAGGAGTAACCGAT-1,2
GCCAGGCGTTCGCATG-1,2
GCCATATTGCACACAG-1,2
GCCATCGAGCTGCGTG-1,6
GCCATCGATGCTGCAT-1,2
GCCATTAGCCTCAAAC-1,4
GCCCACCAAGGCTGTC-1,1
GCCCACTGGTCCACAA-1,1
GCCCAGATGCTGGAGA-1,1
GCCCAGTTGGTATGCC-1,4
GCCCATGGGTGCAATG-1,3
GCCCGACTTCTTCCCG-1,4
GCCCGAGAGTCTAAAT-1,4
GCCCGATCTGTGGTCG-1,5
GCCCGCGCGTAAACGG-1,4
GCCCGCGCGTTTGACA-1,2
GCCCGTAATACCTTCT-1,2
GCCCTAGCCGTCGCGA-1,4
GCCCTGAGGATGGGCT-1,7
GCCGAAATTCCTACGT-1,4
GCCGACCCACGACTGC-1,5
GCCGATTGGCCAAGCT-1,4
GCCGCACTCCGTTTCA-1,2
GCCGCATTAGTCCGGC-1,4
GCCGCTAGATACGCAG-1,1
GCCGCTTGTGAGAAAC-1,4
GCCGGAAACACATCTT-1,1
GCCGGGTTAGGGTCGC-1,4
GCCGTCGGTTTCGGGC-1,5
GCCGTGGAAGAAATGT-1,2
GCCTACGTTCTGTGCA-1,7
GCCTAGCGATCTGACC-1,2
GCCTATAGTGTCAGGG-1,2
GCCTATGCTGGGCCTT-1,1
GCCTATTCCGATATAG-1,2
GCCTATTTGCTACACA-1,1
GCCTCATCTGGAAATA-1,2
GCCTCCGACAATTCAC-1,4
GCCTCTATACATAGCA-1,5
GCCTGCTACACTGAGA-1,1
GCCTTCAGCCCTACCG-1,2
GCCTTGTATATGCAGT-1,2
GCCTTTGTCAGTGGAC-1,4
GCGAAACGATCGGGAG-1,4
GCGAAACTTAACTGGA-1,4
GCGAAGAATCTGACGG-1,6
GCGAAGCCATACCCGT-1,2
GCGACATGTAAACATC-1,4
GCGACCCAACCATCTG-1,5
GCGACGATAGTTGTAC-1,4
GCGAGAAACGGGAGTT-1,1
GCGAGAGGCCATGTAA-1,1
GCGAGAGTTGCGTCCA-1,2
GCGAGCGCATGCTCCC-1,2
GCGAGGCCCGAGCAGA-1,2
GCGAGTTCTGCAAAGA-1,2
GCGATGTCTGTGCTTG-1,1
GCGATTCTGGAAGCAG-1,1
GCGATTGTTAACGTTA-1,4
GCGCAAATATATTCAA-1,4
GCGCAAGAGCGCGCTG-1,4
GCGCATCCAGTCAGCA-1,2
GCGCCGTTCCACGATA-1,4
GCGCCTCCCACTCCGA-1,4
GCGCGATGGGTCAAGT-1,3
GCGCGGTCTAGTAACT-1,7
GCGCGTCATTGGTACA-1,5
GCGCTAAGTATGCATG-1,2
GCGCTAATTGAATAGA-1,4
GCGCTATGCCGAGGCA-1,4
GCGCTCGATCACCTGT-1,2
GCGCTGATCCAGACTC-1,2
GCGCTGCTTTGCATTT-1,2
GCGCTTAAATAATTGG-1,4
GCGGACCGCGTTGTGG-1,4
GCGGAGAAACTTCGCA-1,5
GCGGAGAGGGAGAACG-1,2
GCGGCAAAGTATTGCC-1,4
GCGGCTCTGACGTACC-1,4
GCGGGAACCAGGCCCT-1,2
GCGGGCATTACGATGC-1,2
GCGGGCGAGCCTTACC-1,6
GCGGTAACCCAAATGA-1,1
GCGGTCCCTAGACGCA-1,2
GCGGTGAACTGCGCTC-1,2
GCGGTGCGGAGCATCG-1,1
GCGGTTCCCTATCATG-1,4
GCGTAAATGGCCATAA-1,2
GCGTCCCTAAGACATA-1,7
GCGTCGAAATGTCGGT-1,2
GCGTCGCCAGGGTGAT-1,5
GCGTCTCTGCATTGGG-1,4
GCGTGGTACTGGGTTA-1,2
GCGTGTATGTCGTATT-1,1
GCGTTATATTTGGAAC-1,4
GCGTTCGGAGACCGGG-1,2
GCTAAACCTGAGGTGA-1,2
GCTAACTGAAGTCTGA-1,4
GCTAAGTAAAGGCGAT-1,2
GCTAAGTAGTTTCTCT-1,2
GCTAATACCGAATGCC-1,2
GCTACAATCGAGGATA-1,4
GCTACAGTACGGACCG-1,4
GCTACGACTTATTGGG-1,2
GCTACTATAGTAGAGT-1,4
GCTAGACCGTCTACTG-1,2
GCTAGAGTAGAGATGT-1,4
GCTAGCACCTGGGCCA-1,2
GCTAGCAGGGAGTGGG-1,2
GCTAGCGATAGGTCTT-1,4
GCTAGCTTGAATAGCT-1,5
GCTAGGCACCACGGAG-1,4
GCTAGTAGAGCTTGTA-1,4
GCTAGTTTCATTGAGG-1,1
GCTATACGTCTCGGAC-1,4
GCTATCATACTCATGG-1,4
GCTATCGCGGCGCAAC-1,2
GCTCAACCTCTTAGAG-1,1
GCTCAATCCGTTTATT-1,4
GCTCAATGTAATACCG-1,7
GCTCATTACTGCATGT-1,2
GCTCCATGAGTGCAGA-1,4
GCTCCATGCAAAGCAA-1,7
GCTCCCAGTCGGTCCA-1,4
GCTCCGCTCGCTTCAG-1,4
GCTCCGGACGTTGATA-1,1
GCTCCTGACATACTGG-1,5
GCTCGACCGAACTGAA-1,2
GCTCGCGGTTCCGCTC-1,2
GCTCGCTCATGTCCAA-1,2
GCTCGGAATTTAAAGC-1,2
GCTCTAAACCCTGACG-1,2
GCTCTATGTTACGTGC-1,4
GCTCTCGGGTACCGAA-1,2
GCTCTTTCCGCTAGTG-1,7
GCTGAACTCTCCAGGG-1,2
GCTGAATCTTCCAATC-1,4
GCTGAGCAACGGTTCT-1,1
GCTGAGGCGTGAGTAT-1,4
GCTGCACGGTTTCTTA-1,4
GCTGCGCCTCCCACGT-1,3
GCTGCTAAGTAGTCGA-1,6
GCTGCTACTGCGTAGC-1,4
GCTGCTCTCCGGACAC-1,2
GCTGGACCCAAAGTGG-1,2
GCTGGCAGGTGCCGTG-1,3
GCTGGCATATTCACCT-1,2
GCTGGCGGCGCATGCT-1,5
GCTGGTGACTCGTAGT-1,2
GCTGGTTTAGGCCATA-1,4
GCTGTATTACTGGCCC-1,4
GCTGTCTGTGATCGAC-1,1
GCTGTTGCTACCGAAC-1,4
GCTTAATGTAACTAAC-1,2
GCTTACGTAGTTAGTA-1,2
GCTTAGGGAAGCGGTA-1,1
GCTTATGAAGCAGGAA-1,2
GCTTCAGTGGGATTAC-1,2
GCTTCCGTCCCTAGAC-1,2
GCTTCGACGTTCAATC-1,5
GCTTGATGATAATCAG-1,4
GCTTGCAGCACAATTG-1,1
GCTTGGATCGATTAGG-1,2
GCTTTCAGAGGAGGTG-1,2
GCTTTCTATCTCAACT-1,1
GCTTTGCTGCCGGGTA-1,3
GGAAACCTTGTTGAAT-1,2
GGAAACTAAATGGGCC-1,4
GGAAAGTGCCCATGCC-1,2
GGAACCCGAACAAGAA-1,1
GGAACCGTGTAAATTG-1,4
GGAACCTTGACTCTGC-1,4
GGAACGGCCTGCAGCC-1,2
GGAACTTTGGCGATTA-1,4
GGAAGATAAGACTGTA-1,2
GGAAGCTCGCTTACAG-1,2
GGAATAACCTCAAGAA-1,2
GGAATGCGCTAGCGTG-1,2
GGACAAGTTGCAGTGA-1,2
GGACACAAGTTTACAC-1,2
GGACCAACAGGATAAC-1,4
GGACCTACGGTAACGT-1,2
GGACCTCTAGGCCGCC-1,4
GGACGGCTTGCGCAAC-1,4
GGACGTCCATAGTTGG-1,2
GGACTAAGTCAGGAGT-1,1
GGACTCACAAATTAGG-1,4
GGACTCGACAGCGCAT-1,7
GGACTCGTGAGTGGTC-1,7
GGACTCTTCCGGTTGA-1,4
GGAGAAGTCATTGGCA-1,2
GGAGACCAATGTGCTT-1,1
GGAGACCATCTACATA-1,4
GGAGACGACACCTTTG-1,2
GGAGCAACATTTCAAG-1,4
GGAGCACCAAGAACTA-1,2
GGAGCGAGGCCTACTT-1,7
GGAGGATTGAAAGGAG-1,1
GGAGGCCGAAGTCGTC-1,4
GGAGGCGAAGAACCGC-1,1
GGAGGGCTTGGTTGGC-1,2
GGAGGGTCAAGTAAGA-1,4
GGAGTGCCGCCCTGGA-1,2
GGATACTCATGAATTG-1,2
GGATCAAAGGACGAGG-1,1
GGATCATCCCGTACGC-1,2
GGATCCGGAATATACT-1,2
GGATCTTACTGCCCTT-1,6
GGATCTTGACTCAACC-1,4
GGATGAAGATCGCTGA-1,4
GGATGACGCGAGTTTA-1,4
GGATGCTGGCGTTCCT-1,2
GGATGTCCTTACCGCA-1,2
GGATTAAGCTAAGGTC-1,2
GGATTCAGTACGGTGG-1,2
GGATTCCGCTATACCC-1,1
GGATTGCTGTGACTCC-1,5
GGATTTCACTTCTATA-1,2
GGCAAAGGCGCCAATA-1,4
GGCAAATTACTTTACT-1,4
GGCAAGCCAGGGATAG-1,1
GGCAAGCCCATAGTGG-1,7
GGCAAGGCGAAATAGC-1,4
GGCAATAGTCAATGAG-1,2
GGCACTCAGCCGACCC-1,4
GGCACTCCACTGGGCA-1,4
GGCAGCAAACCTATGC-1,4
GGCAGCGGTAATCCTA-1,2
GGCATACAGGTAGCGG-1,4
GGCATATCGGTTCTGC-1,1
GGCATCAACGAGCACG-1,2
GGCCACACGAAAGCCT-1,3
GGCCCAATCTAGAGGG-1,1
GGCCCAGTTATCAGCA-1,2
GGCCCGGAGCATGTCT-1,1
GGCCCGTATACCATGC-1,2
GGCCCTCACCCACTTA-1,4
GGCCGAGACTCTGGTG-1,5
GGCCGGCGTCTGCTAT-1,7
GGCCGTTTGGGTTTCA-1,6
GGCCTGCTTCTCCCGA-1,4
GGCCTTTGCAACTGGC-1,2
GGCGAAATCTAACTTG-1,4
GGCGAACCGTTCTGAT-1,3
GGCGAGCGAAACGGCA-1,4
GGCGCAGGACATCTTC-1,4
GGCGCATGAATTGATG-1,4
GGCGCGGAGATCTTTC-1,5
GGCGCGTTCGAGTTTA-1,2
GGCGCTCCTCATCAAT-1,1
GGCGCTTCATTCCCTG-1,7
GGCGGAGTAATATTAG-1,4
GGCGGGCTCTAAGAGT-1,2
GGCGGTAGGATCATTG-1,2
GGCGGTTTGCCGGTGC-1,1
GGCGTACCCTATATAA-1,1
GGCGTAGGGAAAGCTG-1,6
GGCGTCCTATCCGCTG-1,2
GGCTAAAGGGCGGGTC-1,1
GGCTAATGATTGAAAT-1,2
GGCTACTATACACTCC-1,7
GGCTATTAAGTTGTAT-1,4
GGCTCCTCCACCTGTT-1,5
GGCTCGCGTTGAGGTA-1,2
GGCTCGTGCCACCAGC-1,4
GGCTCTGCTCCAACGC-1,2
GGCTGAAATAGCAAAG-1,4
GGCTGAGCATCGTAAG-1,2
GGCTGGCTAGCTTAAA-1,2
GGCTTGGCTCTCACCT-1,1
GGCTTTCAATAAGGGT-1,7
GGGAACGGGAGGTTAG-1,4
GGGAACGGTTTCAGAT-1,5
GGGAAGACGGTCTGTC-1,7
GGGAAGGGCTTTCTCA-1,6
GGGAATGAGCCCTCAC-1,2
GGGAATTCTGTCCAGT-1,1
GGGACAGAGTTACTCC-1,4
GGGACCCGTATATCTT-1,6
GGGACTGCATAGATAG-1,4
GGGAGAACTCACAGTA-1,4
GGGAGCGACCGTAGTG-1,6
GGGAGGATGCCCGAAA-1,4
GGGAGTAATGGCTGGC-1,1
GGGAGTTAATGAGGCG-1,2
GGGATACGGTAATAAT-1,1
GGGATGGTCGTAACCG-1,4
GGGATTTACCGCACCT-1,4
GGGCAACCGCACGTGC-1,4
GGGCACGAATTGGCCG-1,1
GGGCACGTAGTACTGT-1,7
GGGCAGAGCAATCGTT-1,7
GGGCAGTCAACGCCAA-1,7
GGGCCCGTCTTAAACA-1,4
GGGCCCTACGAAAGGG-1,2
GGGCCGGCCGAAGTAC-1,2
GGGCCTAAATGGGCTA-1,4
GGGCCTATACAACCGG-1,2
GGGCCTATTTAAGTAT-1,2
GGGCGAATTTCTCCAC-1,1
GGGCGATATGTGTGAA-1,2
GGGCGCAGCGTTACTC-1,2
GGGCGGCAAATGAATT-1,4
GGGCGGGTTCCCTACG-1,4
GGGCGGTCCTATTGTC-1,2
GGGCGTACATTTATAT-1,2
GGGCGTCACCACGTAA-1,4
GGGCGTCCACTGGCTC-1,1
GGGCGTGGTTTCCCAG-1,6
GGGCGTTTACATTCAT-1,4
GGGCTATGATCGATGG-1,6
GGGCTCATCGAACCCA-1,1
GGGCTGCCTAGGGCGA-1,4
GGGCTGGTTAGTCGCG-1,4
GGGTAATGCTGTGTTT-1,1
GGGTACCCACGGTCCT-1,1
GGGTACTTCATGAACT-1,4
GGGTATGTATGCACTT-1,4
GGGTATTCTAGCAAAC-1,4
GGGTCACCGTGACGGT-1,4
GGGTCACGTGCTTATG-1,1
GGGTCACTGAGTAGTG-1,3
GGGTCAGGAGCTAGAT-1,7
GGGTCATGCGTACCAT-1,1
GGGTCGTGGCAAGTGT-1,2
GGGTCTATCGCTTTCC-1,4
GGGTGACACCTTAACT-1,4
GGGTGCATATGAAAGC-1,2
GGGTGGTCCAGCCTGT-1,2
GGGTGTTTCAGCTATG-1,2
GGGTTAACATTTGAGT-1,6
GGGTTCAGACGAACAA-1,2
GGGTTTAGGATAGGAT-1,4
GGTAAATGTGCGTTAC-1,1
GGTAACCGGGAGGATA-1,4
GGTAACTATGTATCTG-1,2
GGTACAAACATGCTAT-1,4
GGTACACCAGATTTAT-1,1
GGTACATCTGGGACGA-1,2
GGTACCATTAAGACGG-1,2
GGTACTAAGTGCTTTG-1,4
GGTAGAAGACCGCCTG-1,5
GGTAGACCGTTGGGCG-1,5
GGTAGTGCTCGCACCA-1,4
GGTATAGTGACACATA-1,1
GGTATTGCCGAGTTTA-1,4
GGTCAAGACTACTTCG-1,4
GGTCAGTGGGTCCCAC-1,4
GGTCATTGTAGTCATA-1,1
GGTCCCATAACATAGA-1,1
GGTCCTTCATACGACT-1,1
GGTCGGATAAACGGCG-1,1
GGTCGGCCAGGAGCTT-1,2
GGTCGGTAATTAGACA-1,2
GGTCGGTCGTCCACAG-1,6
GGTCGTAAGCTCGCAC-1,4
GGTCTCCAAGTAGTGC-1,4
GGTCTCCGTCCAGGTT-1,4
GGTCTCTGAATGGACT-1,4
GGTCTGAGAATCTGGA-1,2
GGTCTTGAGCGCTCTT-1,7
GGTGAAACCGGGAATG-1,1
GGTGAACGGGCTAGCC-1,1
GGTGAAGTACAGGGAT-1,4
GGTGAGATGCAGATAA-1,1
GGTGATAAGGAGCAGT-1,4
GGTGATGAAGGAAGTG-1,3
GGTGATTTCATCTTGT-1,1
GGTGCAGAGCCTATCG-1,2
GGTGCATAAATGATTA-1,7
GGTGCGGATAAGTGGC-1,2
GGTGCTGATCACAAAG-1,2
GGTGCTGGTACACATT-1,4
GGTGGACCACGTGTTA-1,1
GGTGGACTGCTCTGGC-1,4
GGTGGAGGTTGATACG-1,2
GGTGTAAATCGATTGT-1,7
GGTGTTCTGTTTCTAC-1,4
GGTGTTGGGCGTCTTA-1,4
GGTTACCACCCTCGGG-1,4
GGTTACCCGACACTTT-1,1
GGTTAGCTATATGTCT-1,4
GGTTAGGCTTGGAGAA-1,4
GGTTAGTTACGGCGCC-1,4
GGTTCCACCCGCTTCT-1,1
GGTTCCCTAGTGTCTC-1,2
GGTTCGATGCTGAGTT-1,2
GGTTCGGATTATACTA-1,2
GGTTCTACTCGTCTGA-1,2
GGTTGTGCTCTTGTCC-1,1
GGTTGTGTAGCCTGGC-1,4
GGTTTAATTACCATCG-1,7
GGTTTAATTGAGCAGG-1,1
GGTTTACAATCTCAAT-1,2
GGTTTAGCCTTTCTTG-1,4
GGTTTCAATCGGTCAG-1,2
GGTTTGACAAGAAGCT-1,2
GGTTTGAGTGCTGGAA-1,2
GGTTTGCGAACACGTA-1,1
GGTTTGTGACCTGAGG-1,4
GTAACAACTGACCTTG-1,1
GTAACATCAGCTCATC-1,2
GTAACATCTAAGATAA-1,4
GTAACTGCCCAAGGAG-1,7
GTAACTTGCGGCAGTC-1,1
GTAAGCGGGCAGTCAG-1,2
GTAAGGATTTGTCGGA-1,2
GTAAGTAACAGTCTGG-1,2
GTAAGTAGGGTATACC-1,4
GTAAGTCCACACTCTA-1,2
GTAATAAAGGGCTCCC-1,2
GTAATCTGATTCTTCG-1,4
GTACACTTACCTGAAG-1,2
GTACAGAGGCAAGGGT-1,2
GTACGACGGCGCTGCG-1,2
GTACGAGATTGCGACA-1,2
GTACGCTTCATTGCAC-1,4
GTACGTCACGTATTAA-1,2
GTACGTTTGCCCGTCA-1,2
GTACTAAGATTTGGAG-1,2
GTACTCCCTTATCGCT-1,4
GTACTCCTGGGTATGC-1,2
GTACTGAGGTCGTAAC-1,2
GTACTGCATGAAGCGT-1,1
GTACTGGAGTTAGACC-1,2
GTACTTGGGCACTTCT-1,2
GTAGAAACGGGTGGAG-1,2
GTAGACAACCGATGAA-1,1
GTAGACACGCCTGACT-1,7
GTAGACGTCGTTACAT-1,1
GTAGAGGGAGACAAGT-1,4
GTAGCCAAACATGGGA-1,4
GTAGCGCTGTTGTAGT-1,2
GTAGCGGCTATACACT-1,4
GTAGCTAGTAAGCGCG-1,2
GTAGCTCCGGGAGGCT-1,7
GTAGCTTCCTCTTGTT-1,2
GTAGGTGATCCGTGTA-1,1
GTAGTCGCGGGAATCA-1,4
GTAGTCTACGATATTG-1,7
GTAGTTAGACAATATA-1,3
GTAGTTCGAAGGCGAA-1,7
GTAGTTTAAGCACACG-1,4
GTATAATCTCCCGGAT-1,1
GTATAGGACTCAGTAG-1,2
GTATAGTGGCCCATGT-1,2
GTATATGTTACGGCGG-1,1
GTATCAAACGTTAGCT-1,4
GTATCAGCTTGGGTTC-1,2
GTATCCTTTGGTAACC-1,5
GTATCGGGACGAGCTG-1,1
GTATCTCAGTCTTGAC-1,4
GTATCTTTCATAACCA-1,4
GTATGAAATTTCACTC-1,4
GTATGACGTGGGAAAC-1,1
GTATGTGGGTCTAGTT-1,1
GTATTAAGGCGTCTAA-1,2
GTATTAGGGTTCGCGT-1,2
GTATTCTGAGAAACGA-1,4
GTATTCTTACCGTGCT-1,1
GTATTTAATGGCATAA-1,4
GTCAAAGAAGTGGTGT-1,4
GTCAAAGTTTACATAG-1,2
GTCAACCAGGCCTATA-1,4
GTCAAGCGGACTCGGG-1,2
GTCAATTGTACTGAAG-1,1
GTCACAAAGTTTCCAA-1,2
GTCACCTGTCTATGTC-1,1
GTCACTCTCCAAATCT-1,2
GTCAGAATAGTCTATG-1,2
GTCAGTTGTGCTCGTT-1,1
GTCAGTTTGGTAGTCG-1,2
GTCATGCACCTCCGTT-1,4
GTCATGCGCGAGGGCT-1,4
GTCATGGACATGACTA-1,2
GTCATTAGAGCGAACG-1,4
GTCATTGCATTGACCC-1,4
GTCCAATATTTAGCCT-1,7
GTCCACGTCGCATTCG-1,4
GTCCAGGCACGTGTGC-1,7
GTCCATTACTGCTACG-1,2
GTCCCAACGTAAAGTA-1,4
GTCCCGCGACGTTATG-1,5
GTCCGAGAGCAATCAT-1,2
GTCCGGACCTGAAATT-1,4
GTCCGGCTGAATTGCG-1,2
GTCCGGGTTCACATTA-1,7
GTCCTACAGGCGGCTC-1,2
GTCCTACGAATAGTCT-1,4
GTCCTATTGTTGTGGT-1,1
GTCCTTCTACAACCCA-1,1
GTCCTTCTAGTGGGTT-1,1
GTCCTTTAATGACTTC-1,4
GTCGAATTTGGGCGCT-1,5
GTCGATAGGTGACTTT-1,4
GTCGCCGTTGTGTGTT-1,6
GTCGCGTAACCCGTTG-1,2
GTCGGAAGGATACCAG-1,2
GTCGGATATCTCAGAC-1,4
GTCGGATGTAGCGCGC-1,2
GTCGGGAAGCAGAAAC-1,7
GTCGTACCATCTCGGG-1,2
GTCGTACCTACGATTG-1,2
GTCGTATTGGCGTACA-1,1
GTCGTCAATTATAAGG-1,2
GTCGTCTGGTTGGCTA-1,1
GTCGTGTCTGGTCATC-1,2
GTCGTTATTCGCTTAT-1,4
GTCTAAGATGCCCAGC-1,3
GTCTACTCAATTACAA-1,4
GTCTAGTGAGCCGCTT-1,5
GTCTATCTGAGTTTCT-1,4
GTCTATTGCATGCTCG-1,4
GTCTATTGGTTCCGGT-1,4
GTCTCAAGGCCCGGCT-1,7
GTCTCCTGCCAGTATG-1,4
GTCTCGACTAAGTTTG-1,1
GTCTCGATCTGCTTTC-1,1
GTCTGGGCGGTCGAGA-1,4
GTCTTAGTACAGCCGG-1,2
GTCTTCCTCACCTAAG-1,1
GTCTTGAGGAGCAGTG-1,4
GTCTTGTAGCTATTCA-1,4
GTGAAACGGCGCCACC-1,1
GTGAAACGTGCTCCAC-1,2
GTGAACTCCCATTCGA-1,2
GTGAAGATTTCAAGTG-1,2
GTGAAGCCGTATAGTC-1,2
GTGAAGTCACGACTCG-1,4
GTGACAGCTTCCCACT-1,7
GTGACCGCACACTACG-1,4
GTGACCTAAAGAATAA-1,1
GTGACGAGGGTGACCC-1,2
GTGACGCAGGTTTCAT-1,7
GTGACTTCAGTAGTGC-1,4
GTGAGATAACCTTATA-1,7
GTGAGCGTGCTGCACT-1,4
GTGAGGACACTTAAGG-1,2
GTGAGGAGCGGTTGAG-1,2
GTGAGTCTAAGACGGA-1,2
GTGAGTGGTACAACGC-1,5
GTGATCAAGCGTGCAC-1,4
GTGATCACTAACGCCT-1,4
GTGATCATAGATCTGC-1,4
GTGATCCTTGTCATGA-1,6
GTGATGCACAACATCT-1,2
GTGATTCGCCGCTCAA-1,4
GTGCAACAAATGTGGC-1,2
GTGCACCAGCTTCAAC-1,7
GTGCACGAAAGTGACT-1,1
GTGCAGCGTAGAGTAG-1,4
GTGCCATCACACGGTG-1,4
GTGCCCGTTCGGATTC-1,4
GTGCCGCTTCAAAGGT-1,4
GTGCCTAGCTATGCTT-1,1
GTGCCTCAGTGTACGG-1,1
GTGCCTGAGACCAAAC-1,5
GTGCGAAATCGAACAC-1,4
GTGCGACAGGGAGTGT-1,4
GTGCGCAGCTTGCTCC-1,1
GTGCGGGTCTCCAAAT-1,2
GTGCGTGTATATGAGC-1,2
GTGCTCAAGTACTGTC-1,4
GTGCTGCAGATAAGGA-1,2
GTGCTTACATCAGCGC-1,4
GTGGAACCTACATGCG-1,1
GTGGACCAACCCGATT-1,4
GTGGACGCATTTGTCC-1,6
GTGGACGTGCTGAGAC-1,2
GTGGAGCATGTCGGCC-1,1
GTGGAGCGTTTACCGA-1,4
GTGGAGTCGGCGGTTG-1,5
GTGGCAAACAGCGGCA-1,4
GTGGCGGTCCCAGCGT-1,2
GTGGCGTGCACCAGAG-1,1
GTGGGAAGACTGAATC-1,4
GTGGGCTTAGACACAC-1,4
GTGGTATAGTCTGCCG-1,6
GTGGTCAGCGAAGTAT-1,2
GTGGTGGCCAAGTGAA-1,4
GTGGTTACTTCTTTCG-1,2
GTGGTTTCCGCCTTTC-1,4
GTGTACCTTGGCTACG-1,2
GTGTATATCAGCGGGC-1,5
GTGTCAGTGTACGTGG-1,7
GTGTCCGATAAGGCAT-1,1
GTGTCGTATAGCGTTC-1,2
GTGTCGTATTCACCTT-1,2
GTGTGAATAACTTAGG-1,2
GTGTTACTATGCGTCC-1,4
GTTAAAGTAGGACTGG-1,4
GTTAACATCACTTAAA-1,5
GTTAACTATGTTGTCA-1,4
GTTAAGGGTGCGATGT-1,7
GTTAAGTTAGAGTGGG-1,4
GTTAATGTCTATCTTA-1,2
GTTACAATTGGTGACG-1,4
GTTACCTACAACTTGC-1,4
GTTACGGCCCGACTGC-1,1
GTTACTTTGGGCCTAG-1,4
GTTAGAGTGTGCCGCT-1,1
GTTAGCCCATGACATC-1,7
GTTAGCCGTAAATCAA-1,1
GTTAGGCTACCCGTTT-1,4
GTTATAATACGGTGAA-1,4
GTTATATCAGGAGCCA-1,4
GTTATATTATCTCCCT-1,4
GTTATCACCTTCTGAA-1,2
GTTATTAAATACGACC-1,2
GTTATTAACGTGGGAG-1,2
GTTCAAATCAGATGTC-1,3
GTTCAATCTATGTCAA-1,2
GTTCACAGGAGTCTAG-1,4
GTTCATCGTTTGGCTG-1,2
GTTCCAAGACAGCGAC-1,2
GTTCCAGTCTGACCAT-1,2
GTTCCCGTAAACATAT-1,4
GTTCCGTCCGCCTGCA-1,6
GTTCGCCATAAGTGCC-1,4
GTTCGCTGAGACGTCT-1,4
GTTCGGAGCACTCAAC-1,4
GTTCGGATCGGGAACA-1,2
GTTCGGGCGTACCATT-1,1
GTTCGTCTAAAGAACT-1,4
GTTCTTCCCTCGATGT-1,2
GTTGAACCGGTTCCAT-1,4
GTTGAGTCCCGCCGGT-1,4
GTTGCACGGAGTTTCG-1,4
GTTGCGCTAACATTAC-1,2
GTTGCGGACGGTCAGG-1,4
GTTGGACCGCATCAGG-1,1
GTTGGATTCAGTGGCT-1,1
GTTGGATTGAGAACAC-1,2
GTTGGATTTGCGTTGG-1,4
GTTGGTCATGCTATCC-1,6
GTTGTCGTGTTAGTTG-1,2
GTTGTTACATTGCGCT-1,2
GTTGTTGCAAGATGGC-1,4
GTTTACGTTCCATCTG-1,4
GTTTATGGGATTTAGA-1,1
GTTTCAAACGAGTTGT-1,4
GTTTCATATCGTCGCT-1,4
GTTTCCTGGAGGGTGA-1,4
GTTTCTGCAGTCTCCC-1,4
GTTTGACCAAATCCTA-1,4
GTTTGGCCCAAGTTAT-1,2
GTTTGGCCGCTCAGCG-1,2
GTTTGGCGTCAGGCAC-1,1
GTTTGGGCTTGTGAGC-1,4
GTTTGGGTTTCGCCCG-1,5
GTTTGGTAGGGTCAAC-1,5
GTTTGGTGATCGGTGC-1,7
TAAACCCAGGAGGGCA-1,5
TAAACGTCGTCAATGA-1,2
TAAAGACAACCCTTTA-1,4
TAAAGAGCCCGAAACC-1,2
TAAAGCGGTATTTCCA-1,7
TAAAGCGTTAGGAGAA-1,2
TAAAGCTGCAATAGGG-1,1
TAAATCTTTACACCTC-1,1
TAAATGAATCCGTTTC-1,2
TAAATGCCGTCTCATG-1,2
TAACAAAGGGAGAAGC-1,2
TAACAATATTTGTTGC-1,4
TAACAGCGTTTGTGCT-1,7
TAACATACAATGTGGG-1,4
TAACATACACGCGATC-1,4
TAACCGCCCGCAGTGC-1,1
TAACCTACCGTCCGAG-1,2
TAACCTAGGGAGTCCA-1,4
TAACGCTTTGAGAGCG-1,4
TAACTATCGAAGGTCC-1,2
TAACTATTACGCCAAA-1,1
TAACTCATCCGCGCGG-1,4
TAACTCCATGGAGGCT-1,2
TAAGAGGGACAGGGAC-1,4
TAAGCAGGCGACACGC-1,4
TAAGCCCTTACGACCA-1,2
TAAGCGCGAATCAAAT-1,4
TAAGGAACTTGTGGGA-1,2
TAAGGCAACATAAGAT-1,2
TAAGGCATAACATCAA-1,6
TAAGGCCCGTCACCCT-1,7
TAAGGCTGAATCCCTC-1,4
TAAGGGCCTGTCCGAT-1,4
TAAGGGCTGGGAGAGG-1,4
TAAGTAAATGTGCCGC-1,2
TAAGTAACATCTTGAC-1,4
TAAGTCGCCGAGTATC-1,4
TAAGTTGCGACGTAGG-1,4
TAATAAACAAGGAGAT-1,2
TAATACACAGTAGTAT-1,2
TAATACTAGAACAGAC-1,7
TAATAGAACAGAGTTA-1,4
TAATAGGTCACCAGAA-1,4
TAATAGTGACGACCAG-1,2
TAATATTGAAATTCGC-1,2
TAATCAACCAAATGGG-1,4
TAATCAGGAATGCTGC-1,2
TAATCGATCCGTACGT-1,2
TAATGAAAGACCCTTG-1,2
TAATTACGTCAGTAGA-1,4
TAATTAGATGGATATG-1,2
TAATTAGGACATCCGT-1,2
TAATTGGAATCGGGAA-1,2
TACAAATTGCGGAGGT-1,2
TACAACGCACAACTCA-1,4
TACAAGCTGTTCACTG-1,2
TACAAGTCTCGTGCAT-1,4
TACACCGTCGTTAGTC-1,1
TACAGAAACGGTGGGC-1,5
TACATAGGCATACACC-1,4
TACATCCCTATCCCTG-1,4
TACATCTTGTTTCTTG-1,1
TACATGACCTTATCCG-1,1
TACATGCCGGAATTGT-1,4
TACATTTCTAACGTGC-1,4
TACCAAATAGCCCAGA-1,7
TACCAATAAAGTACCA-1,4
TACCAGAAGTAGGTTC-1,5
TACCAGCTAGGTTTAA-1,1
TACCAGGAATCCCGTC-1,6
TACCGAATAATTGTAA-1,5
TACCGCGGACTTGCAG-1,2
TACCGGCTCACTGCCC-1,4
TACCGGTCGTTTCCAT-1,4
TACCGTAGGTTAACTA-1,7
TACCGTGCCTCGGACC-1,4
TACCTACTCCCAGTAT-1,7
TACCTCACGCTTGTAC-1,2
TACCTCAGTTGTCTGT-1,7
TACCTCCACACCAATG-1,4
TACCTGCTGCACTGTG-1,4
TACCTTAAGATTTCCC-1,4
TACGAACACGACTTCA-1,4
TACGACGCTTGCTGCG-1,4
TACGACTGCCTCTTAG-1,4
TACGAGAACTTCACGT-1,4
TACGATCCAAGCCACT-1,2
TACGATGTTGATCATC-1,2
TACGCAGTTCTTTCCT-1,4
TACGCCATATTCTAAT-1,4
TACGCCGAGGGTACCC-1,5
TACGCCTCCATTCCGA-1,6
TACGCTATAGAAACCT-1,2
TACGCTCGGTATTGGA-1,4
TACGCTGCTGTGTTAA-1,4
TACGGAAGCCAAACCA-1,7
TACGGCATGGACGCTA-1,4
TACGGGATGCTAGCAG-1,2
TACGTAAAGCGGAGTG-1,4
TACGTACTAGTGCTGA-1,7
TACGTGCACTATGCTG-1,2
TACGTGGGCCCAGGGC-1,7
TACGTTTACCGGCAAT-1,2
TACTATGGTTCCTCAG-1,6
TACTCCTCTAGTTGAC-1,7
TACTCGGCACGCCGGG-1,4
TACTCTCCGAACAAAT-1,2
TACTCTTACTTTACTG-1,4
TACTCTTTCGTCTTCA-1,6
TACTGAACAGATTTAG-1,6
TACTGCAATCAATTAC-1,1
TACTGGACAGCTCGGC-1,4
TACTGTTTCTCTGGTA-1,2
TACTTAAACATGTACA-1,4
TACTTGTTAGTAGTCC-1,3
TACTTTACTGAGCCGG-1,2
TACTTTCCGCACGCCA-1,4
TAGAAACCACTAAGTA-1,2
TAGAAAGGTGGCGCTA-1,2
TAGAAATTCACGTATA-1,2
TAGAATAGCCGATGAA-1,4
TAGAATTAAGGGCAAC-1,2
TAGACGAAACGCCAAT-1,7
TAGACGCCCGTACCGG-1,2
TAGACTACCTAGCGTT-1,2
TAGAGATCATGCAACT-1,4
TAGAGCTACGAAGAAC-1,4
TAGAGGTTCTACTTGT-1,4
TAGAGTCTAAGCGAAC-1,4
TAGATATGGACTGGAA-1,5
TAGATCCGAAGTCGCA-1,1
TAGATGGTTCCTTACT-1,4
TAGATTCAAAGTGCGG-1,6
TAGATTCCTGGTTATT-1,4
TAGCAACCTGTCACAA-1,2
TAGCAGTAAATACGCG-1,1
TAGCAGTATGACTAAA-1,4
TAGCCATTTCAAAGTC-1,4
TAGCCGGCGGTCAGCG-1,2
TAGCGTCCCTCGATTG-1,4
TAGCGTCCGGTGTGGT-1,4
TAGCGTTGGGTCTTAC-1,4
TAGCTAAGTCCGGGAG-1,4
TAGCTAGAAGGCATGA-1,5
TAGCTAGTGATGATGG-1,7
TAGCTCAGATCCTAGT-1,2
TAGCTCGCCTGATAAC-1,5
TAGCTGATGTGAAGCG-1,4
TAGGAACAGCCTCCAG-1,4
TAGGCATGTTACGCCA-1,2
TAGGCCTATATAGTCT-1,4
TAGGCGATGAGGTCTC-1,4
TAGGCGGCTGCAAAGA-1,4
TAGGCTAAAGTGGCAC-1,4
TAGGGAGCTTGGGATG-1,2
TAGGGTGTTTCAAGAG-1,2
TAGGTCCAAGTAAGGA-1,4
TAGGTCGCCGGAACTG-1,2
TAGGTGACGATAACCT-1,6
TAGGTGAGCCCTACTC-1,2
TAGGTGCTCGCCTAGC-1,2
TAGGTGTTCCACAGAT-1,7
TAGGTTCGAGTTCGTC-1,2
TAGTACCACAACTTTC-1,4
TAGTACCTTAGTGGTC-1,2
TAGTAGCTTATACCAG-1,7
TAGTCCCGGAGACCAC-1,7
TAGTCCGCAGAGAATG-1,4
TAGTCCGTATGCATAA-1,1
TAGTCGATCACGGGTT-1,4
TAGTCTAACAACGAGA-1,2
TAGTCTGTGACGTTGC-1,2
TAGTCTTTCCGAATTG-1,4
TAGTGAGAAGTGGTTG-1,2
TAGTGCCCTCCAGAGT-1,4
TAGTGGAACTCATACA-1,2
TAGTGTCAGAAACGGC-1,2
TAGTTAAGATAGGATA-1,1
TAGTTTATTCTTGCTT-1,2
TATAAATCCACAAGCT-1,2
TATAAGTGAGGATAGC-1,4
TATACACAGACGCCTT-1,5
TATACACGCAAAGTAT-1,2
TATACCGAGTGCCACA-1,4
TATACGCGTCATCACT-1,7
TATACTCATGCGGCAA-1,2
TATAGAGTCGCTTGAA-1,7
TATAGATGGTCGCAGT-1,2
TATAGCGCACGTTATC-1,2
TATAGGGTACTCATGA-1,4
TATATAGGGCTTTACG-1,6
TATATATCGAGAAATG-1,4
TATATCATTGATCAGT-1,3
TATATCCCTGGGAGGA-1,2
TATATGCTGGGTTGCC-1,1
TATATTACAAATGTCG-1,4
TATATTCGCGTCGATA-1,1
TATCAAAGGTCTGTAA-1,1
TATCACAGCACGGGCA-1,1
TATCACCATGTAAAGT-1,1
TATCACCCAACCGACC-1,2
TATCACTTCGAGTAAC-1,2
TATCAGTGGCGTAGTC-1,4
TATCCAATTGGTTATC-1,5
TATCCATATCATGCGA-1,2
TATCCATCTCGGTTAG-1,4
TATCCGCACCGTCGGG-1,6
TATCCTATCAACTGGT-1,7
TATCCTGCATGGGAAT-1,2
TATCGATCTATGCATA-1,1
TATCGATGATTAAACG-1,2
TATCTACAGAGGTAAT-1,4
TATCTACCACAGCGGG-1,4
TATCTAGCCTAAAGGA-1,4
TATCTGAGCCGATATT-1,4
TATCTTGCAATACAAC-1,4
TATGAAGAATTAAGGT-1,5
TATGAAGACAGGTGCG-1,4
TATGATAAATCTAACG-1,2
TATGATCCGGCACGCC-1,1
TATGATCTTCTCTTTA-1,4
TATGCTCCCTACTTAC-1,2
TATGGAGTTTCTCGTT-1,1
TATGGATGTGCTACGC-1,2
TATGGCCCGGCCTCGC-1,4
TATGGCTAGGCTAATT-1,2
TATGGGACCGAGCAGG-1,4
TATGGGTACGTATCGT-1,4
TATGGTCTGAGTAACA-1,4
TATGGTTAGTGGGAGA-1,2
TATGTAAAGTGCTTAA-1,7
TATGTCAAGACCGACT-1,2
TATGTCTCATTGTGCC-1,2
TATTAACACCAAAGCA-1,4
TATTAACCTGACCGCG-1,7
TATTACCATCCTGCTT-1,2
TATTATGTTTGCCTGC-1,4
TATTCAATTCTAATCC-1,4
TATTCCACTCAGCTCG-1,4
TATTCCGAGCTGTTAT-1,4
TATTCCGGCAGTCCTA-1,1
TATTCCTCCGCCCACT-1,4
TATTCGTGCCAGAATA-1,2
TATTGACATTTCTGCC-1,1
TATTTAGTCTAGATCG-1,2
TATTTATACCGAGTAG-1,2
TATTTGATTTGCACAG-1,4
TATTTGTTACCCTTTA-1,2
TCAAACAACCGCGTCG-1,2
TCAAACAATTAGGACA-1,2
TCAAACTTAGATTGTT-1,2
TCAAATTGTTGTGCCG-1,7
TCAAATTTGAGACTCA-1,6
TCAACAAAGATAATTC-1,4
TCAACACATTGGGTAA-1,2
TCAACATAGCGCCCTA-1,6
TCAACATCGACCGAGA-1,4
TCAACCATGTTCGGGC-1,4
TCAACGAGGAGACAAA-1,4
TCAACGCAGGAAATAA-1,4
TCAACGCGACCGGCAG-1,4
TCAACTAACGTATAAC-1,4
TCAACTGCAGAGTCAG-1,4
TCAAGAAATACTAGCT-1,2
TCAAGCGCGGACGGTA-1,4
TCAAGCTGCCTTGAAA-1,2
TCAAGGTTACTACACC-1,4
TCAATACAATTGCTGC-1,1
TCAATACGCCGTCATG-1,7
TCACAAACCGAGGTAC-1,4
TCACAGATCCTCAAAC-1,1
TCACAGCAAACTCGAA-1,5
TCACAGGAGAATAAGA-1,6
TCACAGGGAATCGCAA-1,4
TCACAGGTTATTGGGC-1,4
TCACATCTTATCTGAT-1,2
TCACCCTCTTAAGATT-1,4
TCACCGCTCGGCACTC-1,2
TCACGATGTCCGTGGA-1,4
TCACGCATTGTAGATC-1,4
TCACGGCCCAAGAGAG-1,5
TCACGGTCATCGCACA-1,2
TCACGTGCCCGATTCA-1,2
TCACTACGACCAATGC-1,2
TCACTCGTGCAACGGC-1,2
TCACTCTTCGTCTGTC-1,1
TCAGAACCTCCACAGG-1,1
TCAGACGCTATAGAAG-1,4
TCAGATGGAGACGTAG-1,1
TCAGCAAATGCATCTC-1,2
TCAGCAGTAGGCCCTG-1,7
TCAGCCAATCCGTAAA-1,4
TCAGGGCGACTTCCTT-1,1
TCAGGGCGCAAACTCG-1,2
TCAGGGTGCACGAAAC-1,2
TCAGGGTGTAACGTAA-1,2
TCAGGTTCTTTGAGAA-1,4
TCAGTACTGACCCGCG-1,2
TCAGTAGGGACTATAA-1,4
TCAGTGTATACGTCAT-1,6
TCAGTTACGGAATGAT-1,2
TCATACTTACAGATCC-1,2
TCATATGAGCTTTGTT-1,7
TCATCACTCGAGCTCG-1,2
TCATCCCAGAGGGTGG-1,2
TCATCCTCAGCTGCTT-1,5
TCATCGATGGTCCCAA-1,4
TCATGCAGGTTCTCAT-1,2
TCATTCGTATAATTTG-1,1
TCATTTAAGTCTCCGA-1,2
TCATTTAGAAGTGTGA-1,4
TCCAACTCAGCTATCT-1,5
TCCAACTTTAAATTCT-1,4
TCCAAGCCTAGACACA-1,7
TCCAATAAAGGCTACC-1,7
TCCACAATGGTTTACG-1,4
TCCACATCGTATATTG-1,7
TCCACCTCTAGCCTTT-1,7
TCCACTTTATCTAGGT-1,2
TCCAGAGCACCGGTTC-1,4
TCCAGATGTACGCCAA-1,2
TCCAGCGCTATAAGCG-1,4
TCCAGGCGAGTACGGT-1,4
TCCAGGGTATATACGA-1,7
TCCATCAATACTAATC-1,4
TCCATTAGTTGGATAG-1,1
TCCATTCCCACTAGAG-1,3
TCCATTGTGACCTCGT-1,2
TCCCAAACAGACAACG-1,2
TCCCAAAGACGAAGGA-1,2
TCCCAAAGCCCTAAAT-1,2
TCCCACGGAGGGAGCT-1,2
TCCCACTCTCTTCCGG-1,1
TCCCAGCACACGACAT-1,4
TCCCAGCTTTAGTCTG-1,4
TCCCAGGCTTAGCTAA-1,4
TCCCGCCTATGTGCGT-1,2
TCCCGCGTACTCCTGG-1,2
TCCCGGGTGTGCTGCT-1,4
TCCCGGTCAGGAATTT-1,1
TCCCGTCAGTCCCGCA-1,2
TCCCGTCGCGTCATAG-1,1
TCCCGTGTGCAATTTG-1,4
TCCCTAGATCAATAGG-1,1
TCCCTCTTCTCAAGGG-1,4
TCCCTGGCGTATTAAC-1,4
TCCCTGGCTCGCTGGA-1,4
TCCCTTAGATTACTCG-1,2
TCCGAACGTTGCCGCT-1,4
TCCGAACTTGGCTTAC-1,4
TCCGAAGTAGTCACCA-1,2
TCCGAATGGTCCTGAG-1,2
TCCGAGAAGGCTAAGC-1,2
TCCGATAATTGCCATA-1,2
TCCGATGACTGAGCTC-1,2
TCCGATGGTGCGACAT-1,4
TCCGATTACATTGCCG-1,2
TCCGCCTGTCTACAAG-1,5
TCCGCGGCAGCATCTG-1,2
TCCGCGGCCCAATGAA-1,4
TCCGCTGTCATCCCGG-1,4
TCCGCTTATCCCATTA-1,4
TCCGGAGGAAGGGCTG-1,2
TCCGGCCTAGCGTACA-1,2
TCCGGCCTGCATCGAT-1,2
TCCGGGCTTGACGGGA-1,5
TCCGGTTCGTCCGGTC-1,5
TCCGTAACCACAATCC-1,1
TCCGTTAAGCTAATAT-1,4
TCCGTTTAGCCTTGAA-1,2
TCCTAAAGATTCAGAC-1,6
TCCTAAATTGGGAAGC-1,5
TCCTAACCGTCGGGCA-1,7
TCCTACATCCACGGCC-1,4
TCCTAGCAAAGAAGCT-1,4
TCCTATCATAGGTAAC-1,2
TCCTCCTAAGACATTC-1,4
TCCTCGGGCTGGGCTT-1,2
TCCTCTACGAGATGGC-1,2
TCCTCTCCAGTTGTCC-1,4
TCCTCTGGCCCATTAG-1,1
TCCTGCCAACTGGAGA-1,1
TCCTGCGTTGATACTC-1,4
TCCTGGCGCTGCCTGG-1,2
TCCTTACGACGGTCCG-1,4
TCCTTCAGTGGTCGAA-1,2
TCCTTGTCCTTTAATT-1,7
TCCTTTAAATCCGCTT-1,4
TCCTTTCTTACGCTTA-1,4
TCGAAATTTAGGACCA-1,4
TCGAAGAACCGAGCAC-1,4
TCGAATATCCCGCAGG-1,5
TCGACAACTGAACCCG-1,4
TCGAGACCAACACCGT-1,4
TCGAGCCAGGCAGGCC-1,6
TCGAGGGCAACAGACG-1,4
TCGATAGGCTAGTCGC-1,1
TCGCAAAGATGCATTT-1,4
TCGCACCAGGAGGCAG-1,4
TCGCATAAAGGGCGCA-1,4
TCGCATCCCTAAGTGT-1,1
TCGCATTCAATGACTT-1,2
TCGCCCAACTGACTCC-1,2
TCGCCGAAGTTGCGTC-1,4
TCGCCGACATATTCGC-1,6
TCGCCGGATGGGCAAG-1,1
TCGCCGGTCGATCCGT-1,2
TCGCGTAGCAGTGTCC-1,3
TCGCGTCCAGAAGGTC-1,2
TCGCTAAACCGCTATC-1,2
TCGCTACTGGCTTTGA-1,7
TCGCTCGATATATTCC-1,4
TCGCTCGGCACCAGCG-1,2
TCGCTGCCAATGCTGT-1,7
TCGCTGGGCGGATTGT-1,1
TCGCTGTGCGTAAATC-1,2
TCGCTTAATTACGAAG-1,1
TCGCTTTAAACGTTTG-1,2
TCGGAATGACCATCAA-1,1
TCGGAATGCGCTCTGA-1,4
TCGGACGCCCAGCCCA-1,2
TCGGAGAGTATCGGGA-1,4
TCGGAGTACATGAGTA-1,2
TCGGCGAACCCAAACC-1,4
TCGGCGGTATTAGATT-1,3
TCGGCGTACTGCACAA-1,4
TCGGCTAACTTCCCTT-1,2
TCGGCTTGTATCGACG-1,4
TCGGGAACGTGCCTAG-1,1
TCGGGAGACAGCGTAC-1,6
TCGGGATTCAAACATA-1,2
TCGGGCCGTCGTGGTA-1,4
TCGGGTGAAACTGCTA-1,2
TCGGTCCCGACAATAG-1,4
TCGGTCCCTGACTCCA-1,1
TCGGTGACCGCTCCGG-1,2
TCGGTTAGCCATGTAG-1,2
TCGTAAGACGACATTG-1,1
TCGTAAGCTCCGAGGA-1,4
TCGTACCGACGTCAAG-1,7
TCGTATAGTGCAATTA-1,2
TCGTATCACCAAGCTA-1,2
TCGTATTACCCATTGC-1,4
TCGTATTTCGTCCGGA-1,2
TCGTCAAGTACGCGCA-1,6
TCGTCACACTGTTAGC-1,2
TCGTCCGCTGGCGTCT-1,2
TCGTCCGGGTACACTC-1,1
TCGTCTTAGGCGTTAA-1,4
TCGTGTACTATGGATG-1,4
TCGTGTATTGGTCACG-1,4
TCGTGTCACGCTGACA-1,4
TCGTGTTCGACCACAA-1,4
TCGTTAGGAGTCCCTA-1,5
TCGTTCGTTATTATGT-1,2
TCGTTGACAGGGTCCC-1,1
TCGTTGCTATCCGGTC-1,6
TCGTTGGCTCGTCAAT-1,1
TCTAAAGAACAGTCTC-1,4
TCTAACTGTATGTAAA-1,2
TCTAATACTGCCTCAG-1,4
TCTACACGTTCATGCA-1,2
TCTACCCAATAGAGAG-1,4
TCTACCGTCCACAAGC-1,2
TCTACGGGCTCAGTTG-1,1
TCTAGCAATCTCCGCC-1,4
TCTAGCATCTTCGATG-1,2
TCTAGCATGCCCAGAA-1,4
TCTAGGTGGCGACGCT-1,2
TCTAGTGATATCGTGG-1,4
TCTAGTTATCAGAAGA-1,4
TCTATAGGTGGGTAAT-1,4
TCTATCATGCAGTTAC-1,2
TCTATCGGTCGCAACA-1,2
TCTATGCTATAACGAC-1,5
TCTATTACGCTGGCGA-1,1
TCTATTACTAGAGGAT-1,4
TCTCATGAGATAGGGT-1,4
TCTCCAACGTAGGTTA-1,1
TCTCCACAAGTTGAAT-1,5
TCTCCCTGGGCAGCGT-1,4
TCTCGAACGAGGTCAC-1,2
TCTCGACGTATCGCCG-1,2
TCTCGAGGAGGTTCGC-1,4
TCTCGGCTCCAGGACT-1,2
TCTCTAATAGCTGGTA-1,2
TCTCTCGCCGCACATA-1,4
TCTCTTACCGCGAACC-1,7
TCTGAACCGGTCGGCT-1,4
TCTGAACTCGTACCCG-1,4
TCTGAAGCACGTGGTC-1,4
TCTGAATTCCGTACAA-1,2
TCTGACGGGCTAACCC-1,2
TCTGACTGTAATGGTT-1,1
TCTGAGCAATTGACTG-1,4
TCTGATCGGGTGCTAG-1,1
TCTGATGTATTCTGTC-1,4
TCTGATTGGAAATGGA-1,1
TCTGCAGATTCGAGTC-1,1
TCTGCATACCTTGCTT-1,4
TCTGCCAGAAACTGCA-1,2
TCTGCGAATCGTTCGC-1,1
TCTGCGTCCGGTTTCT-1,2
TCTGCTTAGAACAAGC-1,4
TCTGGCCGTTCAAGTT-1,1
TCTGGGAACCTTTGAA-1,4
TCTGGGTAGCGCTCAT-1,4
TCTGTCATACAAGAGC-1,2
TCTGTGACTGACCGTT-1,1
TCTGTGATGGAGGTTG-1,2
TCTGTGCCATCATAGT-1,2
TCTGTTACCCAGCATA-1,4
TCTTACAGAGGTACCG-1,2
TCTTACCGGAACTCGT-1,2
TCTTACGGCATCCGAC-1,2
TCTTACTTATGCCTCT-1,4
TCTTAGAGCTCCAATT-1,4
TCTTAGAGTGAACTCT-1,4
TCTTCCCATGGGCACA-1,2
TCTTCGAATAGACGTT-1,2
TCTTCGATACCAATAA-1,4
TCTTCGCGGTGAGAGG-1,4
TCTTCTATAACCCGCC-1,4
TCTTGATGCGTAGCGA-1,2
TCTTGCTCCCGATACT-1,7
TCTTGGTAACACCAAA-1,2
TCTTGGTCAATGATAC-1,4
TCTTTAAGACTATGAA-1,2
TCTTTAGAGTCTAACA-1,4
TCTTTAGCAGGCGAAC-1,1
TCTTTCCTTCGAGATA-1,4
TCTTTCTCTTAAGGAG-1,4
TGAAACTTATGCAAGC-1,1
TGAAAGGACCTGACTC-1,2
TGAACAAGCAGGGACT-1,6
TGAACTGCTATGACTT-1,2
TGAAGAGCGGTCCTAG-1,2
TGAAGTAGCTTACGGA-1,1
TGAATACCGACGCGTA-1,6
TGAATATGCTATAAAC-1,1
TGAATGAGATACAGCA-1,3
TGAATGAGTGTTTCCC-1,7
TGAATGTCAGCCGGCC-1,4
TGACACTTCTCTTTGC-1,2
TGACAGGACAAGTCCA-1,4
TGACATCGAGCGGACC-1,2
TGACATGTAACGTGAC-1,7
TGACCAAATCTTAAAC-1,7
TGACCAGCTTCAAAGT-1,2
TGACCCACGTTAGACA-1,4
TGACCCAGCATTCCCG-1,1
TGACGAATATTTCCCT-1,4
TGACGATGCACTAGAA-1,2
TGACTATAATCCTTTC-1,4
TGACTCCGAATCATAC-1,4
TGAGAATGCTTTACCG-1,2
TGAGAGATTTACCACG-1,4
TGAGATCAAATACTCA-1,2
TGAGATTAGGCCCTAA-1,2
TGAGCCATACAGTCTC-1,4
TGAGCGGAAAGTGTTC-1,6
TGAGCTTTAATGACGC-1,2
TGAGGAGTGCCAGCTT-1,7
TGAGGCATGTACTGTG-1,4
TGAGTAAATTAGCGTA-1,4
TGAGTGCCTCTTAAAT-1,4
TGAGTGGTCCGTGACG-1,2
TGAGTTAAAGACATTC-1,4
TGATACATTTAGCCGT-1,6
TGATAGCGGGATTCTA-1,2
TGATCACCACACTGAC-1,7
TGATCAGGGAACTGCT-1,4
TGATCCCAGCATTAGT-1,2
TGATCGGTTTGACCCT-1,2
TGATCTACGCTGATCT-1,2
TGATCTCCGGCGCCAG-1,4
TGATGCTCACGTAGTC-1,1
TGATGGCTGTTTCTGA-1,1
TGATGTCAATTAAGTG-1,4
TGATTATGGCACGCAG-1,2
TGATTCAGGTCCCGCG-1,4
TGATTCCCGGTTACCT-1,7
TGATTCGTCTATCACT-1,4
TGATTCTGTCGCCGGT-1,4
TGATTTATTAGCTGTG-1,4
TGATTTCCTCCTGACG-1,2
TGCAAAGTTCGTCTGT-1,4
TGCAACCCATCTGCGG-1,5
TGCAAGAATGACGTAA-1,4
TGCAATCTAACACGGT-1,5
TGCAATTTGGGCACGG-1,2
TGCACAGTGAAGTTAT-1,2
TGCACGAGTCGGCAGC-1,2
TGCACTATGTGAGTGC-1,2
TGCAGAACTATATCGT-1,2
TGCAGAGTACCGAGCA-1,4
TGCAGATCGTCCTAGG-1,2
TGCAGCTACGTACTTC-1,4
TGCAGGATCGGCAAAG-1,2
TGCAGTGAGGCTCGGG-1,1
TGCAGTGGTAGGGAAC-1,5
TGCAGTTTCCTCCCAT-1,4
TGCATATGTCTGTCAC-1,2
TGCATCTCCGGATCTT-1,1
TGCATGGATCGGATCT-1,2
TGCATGGCAGTCTTGC-1,1
TGCATGTGACCCATAG-1,7
TGCATGTGGTAATCTA-1,2
TGCCAAAGTCAGACTT-1,4
TGCCAATGGGTACTCT-1,6
TGCCACCTGGCGAAAC-1,2
TGCCAGTACGTGGAGA-1,4
TGCCATGGCTTATAAG-1,2
TGCCATTACTAAAGAA-1,2
TGCCCGTACCGTTAAA-1,4
TGCCGAAAGCGTATTC-1,2
TGCCGGATGTACGAGC-1,6
TGCCGTGGATCGTCCT-1,6
TGCCTAATTGAAGATT-1,4
TGCCTGACATCGGTCA-1,1
TGCCTGATCAAACGAT-1,2
TGCCTTGGCCAGGCAA-1,4
TGCGAATATGGGATTT-1,4
TGCGACACCCTAGTGC-1,4
TGCGACGGCCGAACGT-1,5
TGCGAGAATATTACCC-1,4
TGCGAGATGGCGGCCA-1,2
TGCGAGCCCTTCCGCG-1,2
TGCGATGCTAATGGCT-1,1
TGCGCAAAGCATTTGG-1,2
TGCGCGATTAACGGAG-1,4
TGCGGACTTGACTCCG-1,7
TGCGGAGTAAAGGTGC-1,2
TGCGGCATAGTTCAAC-1,1
TGCGGGTATTGGGATC-1,2
TGCGGTCTACGAGTAA-1,1
TGCGGTGAAATTTCAT-1,2
TGCGTAAGAACCTGAT-1,4
TGCGTACGGCTAATTG-1,4
TGCGTCATGACTGAGC-1,4
TGCGTGATTGGGTGTC-1,1
TGCGTTTGTTGACACT-1,4
TGCTAAGTGTCTATTT-1,4
TGCTATACAAACGGAC-1,2
TGCTCACACAACAACC-1,1
TGCTCCACAGTTCTTA-1,4
TGCTCGGCGAAACCCA-1,6
TGCTCGGTGGGTCACC-1,7
TGCTCTGCCGGTTCAC-1,2
TGCTCTTGAGAGTTTG-1,7
TGCTGCGTCAGAGTTA-1,1
TGCTGGTTGGACAATT-1,2
TGCTGTTGAAGAACTC-1,4
TGCTTAGAGAGAATGC-1,5
TGCTTCCCAAGCAGTA-1,7
TGGAAACGGAGTGAAC-1,1
TGGAACCACTGACACA-1,2
TGGAAGAAGGGAACGT-1,4
TGGAAGACGAACACCA-1,2
TGGAAGGATAAAGATG-1,2
TGGAATATCCTTGACC-1,2
TGGAATTAGACGCTTT-1,4
TGGACACCGTTGCTTG-1,2
TGGACCAATCTAAGAT-1,6
TGGACCACGGCGTTGA-1,1
TGGACGCAATCCAGCC-1,4
TGGACTGTTCGCTCAA-1,4
TGGAGCTAAAGTTCCC-1,2
TGGAGTGATGCGATGA-1,4
TGGATAGAGTAACAGA-1,1
TGGCAAACTAAATTAC-1,4
TGGCAACTCGCGCGCC-1,2
TGGCAAGCACAAGTCG-1,7
TGGCAATGGGACGGCG-1,4
TGGCACGAGCTCGAGT-1,1
TGGCAGATTACGATCA-1,4
TGGCAGCAGTAATAGT-1,4
TGGCATGAAGTTTGGG-1,4
TGGCCAAACTGAAGTA-1,2
TGGCCAATTTGGTACT-1,4
TGGCCGTATATTGACC-1,2
TGGCGACTGCTCCAAA-1,6
TGGCGATCAAGTTATG-1,5
TGGCGGTGTGCGATTG-1,2
TGGCTACACTCTACCT-1,4
TGGCTATGTGACATAC-1,5
TGGCTCTTGTCGCGTA-1,4
TGGCTTGTACAAGCTT-1,2
TGGCTTTGGGTAGACA-1,2
TGGGAAATGCCTTTCC-1,2
TGGGATGCACTCATTC-1,2
TGGGCAATAGTTGGGT-1,4
TGGGCACAAACAGAAC-1,2
TGGGCACGTTCTATGG-1,2
TGGGCAGGCCACCGCA-1,4
TGGGCCACAAGAGCGC-1,2
TGGGCCCATACTAATT-1,4
TGGGCGATACAATAAG-1,7
TGGGTAAGGTTCCCGC-1,1
TGGGTGCACAAGCCAT-1,6
TGGGTGGGATGTCATT-1,2
TGGGTTCCCGGACGGA-1,1
TGGTAAGCAGGATTGA-1,4
TGGTAGAATATATGGG-1,4
TGGTATCGCATCCCAA-1,2
TGGTATCGGTCTGTAT-1,1
TGGTCCCACGCTACGG-1,4
TGGTCGTGCAAGGCAA-1,2
TGGTCGTTTGATAGAT-1,1
TGGTCTAGCTTACATG-1,3
TGGTCTGTTGGGCGTA-1,4
TGGTGATCGTATTTGT-1,2
TGGTTAAGGGCGCTGG-1,1
TGGTTATGCTTGCGGT-1,3
TGGTTCAACGGGTAAT-1,4
TGGTTCGTAGCAAAGG-1,2
TGGTTGGAGGATCCTG-1,1
TGGTTTAAACGTGGGT-1,1
TGTAACTTGTCAACCT-1,1
TGTAATGACCACAATA-1,4
TGTAATGCCTTCGGAC-1,2
TGTACCTACACGAGGG-1,5
TGTACGAACAAATCCG-1,4
TGTACGCTATCAGCTT-1,1
TGTACTGTGCCAAAGT-1,1
TGTAGCCATCCCATTC-1,4
TGTAGGAGAAATTTCC-1,2
TGTAGTGATCTATAAT-1,4
TGTATAACAGATCCTG-1,1
TGTATCAGACTGAAGC-1,2
TGTATCCTTATTCCAT-1,1
TGTATGGCGCAGACAG-1,4
TGTATTTACCTAATGC-1,2
TGTCATTTGTTGGGAA-1,4
TGTCCACGGCTCAACT-1,4
TGTCCCGACATAGCAC-1,2
TGTCCGTGGCGCCTTT-1,4
TGTCCTAAGTCACCGC-1,4
TGTCGGCATGGTGGAA-1,1
TGTCGTTATCACATAT-1,4
TGTCTACAGTTTCTGT-1,1
TGTGACTACGCCAGTC-1,2
TGTGAGACTAGCCCAA-1,6
TGTGATTCCAGCGCTT-1,3
TGTGCCGGTGCCGGAA-1,4
TGTGCTTTACGTAAGA-1,4
TGTGGACTATCTACGT-1,2
TGTGGAGGAAGCTTAA-1,1
TGTGGCAAAGCGTATG-1,2
TGTGGCGGGCTTCTGG-1,7
TGTGGCTCCCACCAAC-1,4
TGTGGTAGGGTGCCTT-1,2
TGTGGTTGCTAAAGCT-1,7
TGTGTAGTAGCACGTG-1,4
TGTGTCGCGAGTTGCA-1,4
TGTGTTCGTATCCAAG-1,4
TGTTATTGTATGTGGC-1,4
TGTTCATAAATGTGCT-1,1
TGTTCCGCTTCCATGA-1,4
TGTTCGTATTGCGGTG-1,4
TGTTCTCTACTCCCTA-1,1
TGTTCTTCCATTGACT-1,4
TGTTGATCACTGTTTA-1,3
TGTTGCCGTCGTCCCA-1,4
TGTTGTCAAGAAGTCT-1,2
TGTTTAATACTTCATC-1,2
TGTTTCGGTACTTCTC-1,2
TGTTTGAGATCGTCAG-1,4
TTAAACAGAGTCCCGC-1,1
TTAAACCGGTAGCGAC-1,1
TTAAACCTGGTTCCTT-1,2
TTAAACTCGAATTCAT-1,2
TTAACACCTCGAACAT-1,2
TTAACCAACCCTCCCT-1,2
TTAACGAACAAGCAGT-1,2
TTAACGTCGCAAGACC-1,1
TTAACTCACGCGTGGA-1,1
TTAACTTCAGGTAGGA-1,4
TTAAGACGAACGAACC-1,2
TTAAGATAGGATTGAC-1,4
TTAAGCCGACAACTTC-1,1
TTAAGCGCCTGACCCA-1,4
TTAAGGATACGGAGGT-1,2
TTAAGGCCCGTACTTT-1,4
TTAAGTATTGTTATCC-1,5
TTAATCAGTACGTCAG-1,2
TTAATGCGAGGTAACT-1,2
TTAATGTAGACCAGGT-1,2
TTAATTGCTTTGGGTG-1,7
TTAATTTCAGACGCGG-1,2
TTACAACTACGCATCC-1,4
TTACACGATCTGCGAC-1,4
TTACAGACCTAAATGA-1,2
TTACATCGTGGCCTGG-1,4
TTACATGCCACAACTA-1,2
TTACCATTGATTACCC-1,4
TTACCCATTGCCGGGT-1,2
TTACCCTAACAGTCCT-1,2
TTACCCTAGGGATTGG-1,7
TTACCGCCTTAGGGAA-1,2
TTACGGATGGTTCGAG-1,2
TTACGTAGCGCGTGCT-1,1
TTACGTATCTATGACA-1,4
TTACTAAAGGACTTTA-1,4
TTACTATCGGCTTCTC-1,4
TTACTCCGGCCGGGAA-1,2
TTACTCTGGTACGTAC-1,4
TTACTGGGATATTTCA-1,4
TTACTGTCTAGAGCTC-1,1
TTACTGTTTCTCTACG-1,1
TTAGAAGAACATGACT-1,5
TTAGAATAAGGGTCGG-1,7
TTAGACACGATCGTTG-1,1
TTAGACGAGTCACCTC-1,4
TTAGAGTTTAGAAGGA-1,4
TTAGATAGGTCGATAC-1,2
TTAGCAACATGGATGT-1,2
TTAGCTAATACGATCT-1,1
TTAGCTCTGTAATCCG-1,4
TTAGCTGATTTGCCGT-1,2
TTAGGTCATAACCGAC-1,5
TTAGTAAACCTGCTCT-1,4
TTAGTAGGGCGGCGGG-1,4
TTAGTTATTCGTGGCA-1,4
TTAGTTCAAGTGTTCG-1,2
TTATAGATGCACATTA-1,2
TTATAGGTAATTGTCT-1,6
TTATAGTCCAAGGTGC-1,1
TTATATACGCTGTCAC-1,4
TTATATTTGGCAATCC-1,2
TTATCCAATCGAACTC-1,2
TTATCCGGGATCTATA-1,4
TTATCCTCAAGGAATA-1,4
TTATCGCCTGCGAAGC-1,2
TTATCTGACATTAGGA-1,2
TTATCTGTATCATAAC-1,2
TTATGAATGAAAGGGA-1,4
TTATGACAAACTGGAT-1,4
TTATGATCTTAACGAA-1,2
TTATGCGTCCCGGTCC-1,1
TTATGTTTGCGATAGA-1,2
TTATTAGAGCGTGTTC-1,4
TTATTAGGGAAGCATC-1,2
TTATTATCTGGAAGGC-1,4
TTCAAAGTCTCTAGCC-1,4
TTCAACGACCCGACCG-1,2
TTCAAGCCGAGCTGAG-1,2
TTCAATACTCTGAATC-1,3
TTCAATTAGCCATAAT-1,2
TTCACGAAAGGATCAC-1,4
TTCACTCGAGCACCTA-1,5
TTCACTTCCTAGAACG-1,7
TTCAGAGTAACCTGAC-1,1
TTCAGCCCTGGTCCAC-1,4
TTCAGCTGGCGTGCCC-1,4
TTCAGGCGTCAAAGCC-1,2
TTCAGTTTGTGGCAGC-1,2
TTCATAGCCTTGTAAC-1,1
TTCATAGGGTGTCCAT-1,1
TTCATGGCGCAACAGG-1,2
TTCCAATCAGAGCTAG-1,1
TTCCAATCTGGCTATC-1,4
TTCCACACAGATTTGA-1,4
TTCCACATTTCTCGTC-1,1
TTCCAGACGAGATTTA-1,2
TTCCATCATGCGGTGA-1,2
TTCCATCGACAGCGTG-1,4
TTCCCGACGCTTCACT-1,1
TTCCCGGCGCCAATAG-1,4
TTCCGCAGAGAAATAT-1,1
TTCCGCGTGAGGCGAT-1,4
TTCCGGCCTTGAGGCT-1,6
TTCCGGCTCGACTTCT-1,4
TTCCGGTATCTGTGTC-1,2
TTCCGGTTACCCACTT-1,4
TTCCTCGAGGGTGTCT-1,2
TTCCTCGGACTAACCA-1,4
TTCCTCTGCCCGAATA-1,4
TTCCTTTCTGTGTTGC-1,2
TTCGACAGAGCCCGTG-1,5
TTCGACGGGAAGGGCG-1,2
TTCGAGCCGGCGCTAC-1,1
TTCGCACTCGCGTGCT-1,2
TTCGCACTGTACGACA-1,7
TTCGCATCCGGAAGCA-1,1
TTCGCCGCTCGCGCTA-1,4
TTCGCGCGCCATACGA-1,6
TTCGCTAGGAAGTTGT-1,2
TTCGCTATCTGACGTG-1,1
TTCGGACTGATGCCTT-1,4
TTCGGCAACCCGCTGA-1,1
TTCGGCTAGAGATGGT-1,2
TTCGGGACTAATCGCG-1,4
TTCGGGCGCTAGTCTT-1,5
TTCGGGTTGCCACGGG-1,4
TTCGGTACTGTAGAGG-1,7
TTCGGTGGAGACGCCC-1,4
TTCGTAATCCCAGCGG-1,2
TTCGTACTCCAGAACG-1,4
TTCGTGGGCTGGAAGC-1,2
TTCGTTCAACGAAGTT-1,2
TTCTAACCGAAGCTTA-1,2
TTCTACCTCAATCGGT-1,5
TTCTACCTTTATGTTG-1,2
TTCTACTTGCGAGGGC-1,1
TTCTAGAAAGTCTTAT-1,7
TTCTAGGCCAATTGTG-1,2
TTCTATGCCTTTCGCA-1,1
TTCTATTAAACGCAGC-1,7
TTCTCTTACAGGTGAT-1,4
TTCTGACCGGGCTCAA-1,4
TTCTGCCGCGCCTAGA-1,4
TTCTGCGAGCGCCCTT-1,2
TTCTGCGGGTTAGCGG-1,2
TTCTGCTAGACTCCAA-1,2
TTCTGTTTCCTGTCGC-1,2
TTCTTAGTGAACGGTG-1,4
TTCTTAGTGGCTCAGA-1,2
TTCTTATCCGCTGGGT-1,2
TTCTTCCCTTTGATAT-1,2
TTCTTCGCAATAGAGC-1,1
TTCTTGAGCCGCGCTA-1,4
TTCTTGCTAGCATCTC-1,4
TTCTTGGACGATCTGC-1,4
TTCTTGGAGTAATGAG-1,2
TTCTTGTAACCTAATG-1,4
TTCTTGTGTCCATCAG-1,2
TTCTTTGGTCGCGACG-1,2
TTGAAAGGTGTAAAGG-1,2
TTGAACGAATCCTTTG-1,2
TTGAACGACGTGCTGA-1,5
TTGAAGAATTCCCAGG-1,4
TTGAAGGATGGGCGCC-1,4
TTGAATATGGACTTTC-1,2
TTGAATCGTTGTATAA-1,4
TTGAATTCACGTGAGG-1,4
TTGACAGGAGCTCCCG-1,4
TTGACATGAACGTGGA-1,4
TTGACCAGGAACAACT-1,6
TTGACCATGTTCTCCG-1,2
TTGACCGTGTTAATGA-1,4
TTGACGATTCAGCACG-1,1
TTGACGCTCCATGAGC-1,2
TTGACTACCATATGGT-1,4
TTGACTATTGTCCGGC-1,4
TTGAGAAGTTTAGCAT-1,4
TTGAGAGTACTGCTAA-1,4
TTGAGCAGCCCACGGT-1,4
TTGAGCGCCACGTGAT-1,2
TTGAGGCATTTAACTC-1,2
TTGAGGGTCGAACGCG-1,1
TTGAGTCCCGCTGCTG-1,2
TTGATAGTCAATACAT-1,1
TTGATCTAACTTTGTC-1,4
TTGATGTGTAGTCCCG-1,2
TTGATTAGCTGTTTCT-1,4
TTGATTATGCAGATGA-1,2
TTGCACAATTCAGAAA-1,4
TTGCACGGAGCAGCAC-1,2
TTGCAGGTCATGAAGT-1,2
TTGCATGCTGATCACG-1,4
TTGCCAAGCAGAACCC-1,2
TTGCCATAGCCCGCTC-1,4
TTGCCCTGATCACGGG-1,4
TTGCCGCAGACCTACA-1,4
TTGCCGCTTTCTAGTA-1,6
TTGCCGGTGATCCCTC-1,2
TTGCCTAATCCAAAGT-1,5
TTGCGCTCTCTCGCTT-1,1
TTGCGGCATCAGAAAG-1,5
TTGCGGCGACTCATGC-1,1
TTGCGTAGTTTGAGGA-1,2
TTGCGTCGGCCAACCG-1,4
TTGCGTGAACGCTTAG-1,2
TTGCGTGTGTAGGCAT-1,6
TTGCTAGCTACCAATC-1,1
TTGCTCCCATACCGGA-1,2
TTGCTGAAGGAACCAC-1,2
TTGCTGATCATGTTCG-1,4
TTGCTGCACCTATCCA-1,2
TTGCTGGCCGGGCTTC-1,2
TTGGAAGAATACAGTC-1,4
TTGGACATGTGGCTTA-1,4
TTGGACCATCTGGCAA-1,4
TTGGACCTATAACAGT-1,4
TTGGAGTCTCCCTTCT-1,2
TTGGATATCGTCTACG-1,4
TTGGATCGACTTCTGG-1,2
TTGGATTGGGTACCAC-1,2
TTGGCCATCTTGCGCT-1,1
TTGGCCTAGAATTTCG-1,1
TTGGCGATCCGAATAT-1,1
TTGGCTCAATATGTGT-1,2
TTGGCTCGCATGAGAC-1,2
TTGGGAAGACGAGCCG-1,7
TTGGGACACTGCCCGC-1,2
TTGGGACGTAAGAGTT-1,4
TTGGGCGGCGGTTGCC-1,2
TTGGGTTTATTCAGCG-1,1
TTGGTATGGCTTGTGT-1,1
TTGGTCACACTCGTAA-1,4
TTGGTGCGGTGTTGAA-1,1
TTGGTTGCGGTGCGCG-1,4
TTGTAACTTCATAGCG-1,2
TTGTAAGGACCTAAGT-1,4
TTGTAAGGCCAGTTGG-1,4
TTGTAATCCGTACTCG-1,4
TTGTATCACACAGAAT-1,2
TTGTCGTTCAGTTACC-1,2
TTGTGAACCTAATCCG-1,4
TTGTGAGGCATGACGC-1,4
TTGTGCAGCCACGTCA-1,6
TTGTGGCCCTGACAGT-1,2
TTGTGGTAGGAGGGAT-1,4
TTGTGGTGGTACTAAG-1,4
TTGTGTATGCCACCAA-1,6
TTGTGTTTCCCGAAAG-1,5
TTGTTAGCAAATTCGA-1,2
TTGTTCAGTGTGCTAC-1,4
TTGTTCTAGATACGCT-1,3
TTGTTGTGTGTCAAGA-1,2
TTGTTTCACATCCAGG-1,6
TTGTTTCATTAGTCTA-1,5
TTGTTTCCATACAACT-1,4
TTGTTTGTGTAAATTC-1,1
